#
# A fatal error has been detected by the Java Runtime Environment:
#
#  EXCEPTION_ACCESS_VIOLATION (0xc0000005) at pc=0x00007ffd759b3416, pid=7340, tid=4232
#
# JRE version: OpenJDK Runtime Environment Temurin-18.0.1+10 (18.0.1+10) (build 18.0.1+10)
# Java VM: OpenJDK 64-Bit Server VM Temurin-18.0.1+10 (18.0.1+10, mixed mode, tiered, compressed oops, compressed class ptrs, g1 gc, windows-amd64)
# Problematic frame:
# C  [ntdll.dll+0x63416]
#
# No core dump will be written. Minidumps are not enabled by default on client versions of Windows
#
# If you would like to submit a bug report, please visit:
#   https://github.com/adoptium/adoptium-support/issues
# The crash happened outside the Java Virtual Machine in native code.
# See problematic frame for where to report the bug.
#

---------------  S U M M A R Y ------------

Command Line: -Dfile.encoding=ISO-8859-1 --module-path=C:\Users\user\git\bonarosaeAdmin\Bonaros AE Admin\LGoodDatePicker-11.2.1.jar;C:\Users\user\git\bonarosaeAdmin\Bonaros AE Admin\jcalendar-1.4.jar;C:\Users\user\git\bonarosaeProgramm\Bonaros AE\mysql-connector-java-8.0.11.jar;C:\Users\user\git\bonarosaeProgramm\Bonaros AE\virtual-keyboard-1.30.3.jar;C:\Users\user\git\bonarosaeProgramm\Bonaros AE\usb4java-1.3.0\lib\commons-lang3-3.8.1.jar -XX:+ShowCodeDetailsInExceptionMessages GUI

Host: Intel(R) Core(TM) i5-6200U CPU @ 2.30GHz, 4 cores, 3G,  Windows 10 , 64 bit Build 19041 (10.0.19041.1741)
Time: Sun Jul  3 13:02:11 2022  Windows 10 , 64 bit Build 19041 (10.0.19041.1741) elapsed time: 2.414820 seconds (0d 0h 0m 2s)

---------------  T H R E A D  ---------------

Current thread (0x0000016275a76840):  JavaThread "AWT-EventQueue-0" [_thread_in_native, id=4232, stack(0x0000003b25e00000,0x0000003b25f00000)]

Stack: [0x0000003b25e00000,0x0000003b25f00000],  sp=0x0000003b25efe320,  free space=1016k
Native frames: (J=compiled Java code, j=interpreted, Vv=VM code, C=native code)
C  [ntdll.dll+0x63416]
C  [ntdll.dll+0x2fcb4]
C  [ntdll.dll+0x2fae2]
C  [libusb4java.dll+0x9434]

Java frames: (J=compiled Java code, j=interpreted, Vv=VM code)
j  org.usb4java.LibUsb.open(Lorg/usb4java/Device;Lorg/usb4java/DeviceHandle;)I+0
j  PrinterController.<init>(SS)V+87
j  GUI$20.actionPerformed(Ljava/awt/event/ActionEvent;)V+9
j  javax.swing.AbstractButton.fireActionPerformed(Ljava/awt/event/ActionEvent;)V+84 java.desktop@18.0.1
j  javax.swing.AbstractButton$Handler.actionPerformed(Ljava/awt/event/ActionEvent;)V+5 java.desktop@18.0.1
j  javax.swing.DefaultButtonModel.fireActionPerformed(Ljava/awt/event/ActionEvent;)V+34 java.desktop@18.0.1
j  javax.swing.DefaultButtonModel.setPressed(Z)V+117 java.desktop@18.0.1
j  javax.swing.plaf.basic.BasicButtonListener.mouseReleased(Ljava/awt/event/MouseEvent;)V+35 java.desktop@18.0.1
j  java.awt.Component.processMouseEvent(Ljava/awt/event/MouseEvent;)V+64 java.desktop@18.0.1
j  javax.swing.JComponent.processMouseEvent(Ljava/awt/event/MouseEvent;)V+23 java.desktop@18.0.1
j  java.awt.Component.processEvent(Ljava/awt/AWTEvent;)V+81 java.desktop@18.0.1
j  java.awt.Container.processEvent(Ljava/awt/AWTEvent;)V+18 java.desktop@18.0.1
j  java.awt.Component.dispatchEventImpl(Ljava/awt/AWTEvent;)V+492 java.desktop@18.0.1
j  java.awt.Container.dispatchEventImpl(Ljava/awt/AWTEvent;)V+42 java.desktop@18.0.1
j  java.awt.Component.dispatchEvent(Ljava/awt/AWTEvent;)V+2 java.desktop@18.0.1
j  java.awt.LightweightDispatcher.retargetMouseEvent(Ljava/awt/Component;ILjava/awt/event/MouseEvent;)V+349 java.desktop@18.0.1
j  java.awt.LightweightDispatcher.processMouseEvent(Ljava/awt/event/MouseEvent;)Z+155 java.desktop@18.0.1
j  java.awt.LightweightDispatcher.dispatchEvent(Ljava/awt/AWTEvent;)Z+50 java.desktop@18.0.1
j  java.awt.Container.dispatchEventImpl(Ljava/awt/AWTEvent;)V+12 java.desktop@18.0.1
j  java.awt.Window.dispatchEventImpl(Ljava/awt/AWTEvent;)V+19 java.desktop@18.0.1
j  java.awt.Component.dispatchEvent(Ljava/awt/AWTEvent;)V+2 java.desktop@18.0.1
j  java.awt.EventQueue.dispatchEventImpl(Ljava/awt/AWTEvent;Ljava/lang/Object;)V+41 java.desktop@18.0.1
j  java.awt.EventQueue$4.run()Ljava/lang/Void;+32 java.desktop@18.0.1
j  java.awt.EventQueue$4.run()Ljava/lang/Object;+1 java.desktop@18.0.1
J 1758 c1 java.security.ProtectionDomain$JavaSecurityAccessImpl.doIntersectionPrivilege(Ljava/security/PrivilegedAction;Ljava/security/AccessControlContext;Ljava/security/AccessControlContext;)Ljava/lang/Object; java.base@18.0.1 (22 bytes) @ 0x000001625e54b4ac [0x000001625e54b220+0x000000000000028c]
J 1852 c1 java.awt.EventQueue.dispatchEvent(Ljava/awt/AWTEvent;)V java.desktop@18.0.1 (80 bytes) @ 0x000001625e5791e4 [0x000001625e578760+0x0000000000000a84]
j  java.awt.EventDispatchThread.pumpOneEventForFilters(I)V+78 java.desktop@18.0.1
j  java.awt.EventDispatchThread.pumpEventsForFilter(ILjava/awt/Conditional;Ljava/awt/EventFilter;)V+35 java.desktop@18.0.1
j  java.awt.EventDispatchThread.pumpEventsForHierarchy(ILjava/awt/Conditional;Ljava/awt/Component;)V+11 java.desktop@18.0.1
j  java.awt.EventDispatchThread.pumpEvents(ILjava/awt/Conditional;)V+4 java.desktop@18.0.1
j  java.awt.EventDispatchThread.pumpEvents(Ljava/awt/Conditional;)V+3 java.desktop@18.0.1
j  java.awt.EventDispatchThread.run()V+9 java.desktop@18.0.1
v  ~StubRoutines::call_stub

siginfo: EXCEPTION_ACCESS_VIOLATION (0xc0000005), reading address 0xffffffffffffffff


Register to memory mapping:

RIP=0x00007ffd759b3416 ntdll.dll
RAX=0xb62e122b00b72500 is an unknown value
RBX=0x00000162773d3890 points into unknown readable memory: 0x0000000000000000 | 00 00 00 00 00 00 00 00
RCX=0x00000162773d3890 points into unknown readable memory: 0x0000000000000000 | 00 00 00 00 00 00 00 00
RDX=0x0000000000b62ffa is an unknown value
RSP=0x0000003b25efe320 is pointing into the stack for thread: 0x0000016275a76840
RBP=0x0000003b25efe600 is pointing into the stack for thread: 0x0000016275a76840
RSI=0x0 is NULL
RDI=0x0 is NULL
R8 =0x0 is NULL
R9 =0x00000162773d3800 points into unknown readable memory: 0x0031005f00340036 | 36 00 34 00 5f 00 31 00
R10=0x0 is NULL
R11=0x00000162776203b0 points into unknown readable memory: 0x00000162773d3750 | 50 37 3d 77 62 01 00 00
R12=0x0 is NULL
R13=0x0000003b24391000 points into unknown readable memory: 0x0000000000000000 | 00 00 00 00 00 00 00 00
R14=0x0000000000000001 is an unknown value
R15=0x0 is NULL


Registers:
RAX=0xb62e122b00b72500, RBX=0x00000162773d3890, RCX=0x00000162773d3890, RDX=0x0000000000b62ffa
RSP=0x0000003b25efe320, RBP=0x0000003b25efe600, RSI=0x0000000000000000, RDI=0x0000000000000000
R8 =0x0000000000000000, R9 =0x00000162773d3800, R10=0x0000000000000000, R11=0x00000162776203b0
R12=0x0000000000000000, R13=0x0000003b24391000, R14=0x0000000000000001, R15=0x0000000000000000
RIP=0x00007ffd759b3416, EFLAGS=0x0000000000010293

Top of Stack: (sp=0x0000003b25efe320)
0x0000003b25efe320:   735562694c5f6176 00006e65b60000b6
0x0000003b25efe330:   0000003b000000b8 00000162dc085e8a
0x0000003b25efe340:   0000016272704b60 0000016202000002
0x0000003b25efe350:   0000016272704b60 0000016275a76840
0x0000003b25efe360:   0000016272506400 0000016200b62ffa
0x0000003b25efe370:   0000003b24391000 0000000000000000
0x0000003b25efe380:   00000000000002e0 00000000000002d8
0x0000003b25efe390:   0000000000000040 0000016258500000
0x0000003b25efe3a0:   000000000000002e 00007ffd7597b44d
0x0000003b25efe3b0:   000013a3d701065f 00007ffd00000002
0x0000003b25efe3c0:   0000016275a76800 0000000000000001
0x0000003b25efe3d0:   0000000000000001 0000000000000001
0x0000003b25efe3e0:   0000000000000003 00000162773d3890
0x0000003b25efe3f0:   0000003b25efe600 00007ffd7597fcb4
0x0000003b25efe400:   00007ffd50494d90 0000000000000000
0x0000003b25efe410:   0000000000b62ffa 00007ffd50494d90 

Instructions: (pc=0x00007ffd759b3416)
0x00007ffd759b3316:   20 e9 ed fe ff ff 48 89 41 18 e9 e4 fe ff ff cc
0x00007ffd759b3326:   cc cc cc cc cc cc cc cc cc cc 80 3d d1 81 10 00
0x00007ffd759b3336:   00 0f 95 c0 c3 cc cc cc cc cc cc cc cc cc cc cc
0x00007ffd759b3346:   cc cc cc cc cc cc cc cc cc cc 48 83 ec 38 8b 05
0x00007ffd759b3356:   d2 67 10 00 89 44 24 20 e8 41 02 00 00 48 83 c4
0x00007ffd759b3366:   38 c3 cc cc cc cc cc cc cc cc 48 89 5c 24 18 55
0x00007ffd759b3376:   56 57 41 54 41 55 41 56 41 57 48 81 ec a0 00 00
0x00007ffd759b3386:   00 48 8b 05 82 01 12 00 48 33 c4 48 89 84 24 90
0x00007ffd759b3396:   00 00 00 65 4c 8b 2c 25 30 00 00 00 48 8d 05 4f
0x00007ffd759b33a6:   21 10 00 40 32 ed 89 54 24 48 33 f6 40 88 6c 24
0x00007ffd759b33b6:   40 4c 89 6c 24 50 48 8b d9 44 8b e6 48 3b c8 0f
0x00007ffd759b33c6:   84 39 01 00 00 40 38 35 36 81 10 00 0f 85 a8 01
0x00007ffd759b33d6:   00 00 39 35 4a 81 10 00 0f 85 6a 01 00 00 40 38
0x00007ffd759b33e6:   35 0d 7c 10 00 48 8d 3d 0e 7c 10 00 48 0f 45 fe
0x00007ffd759b33f6:   48 39 73 18 0f 84 d2 00 00 00 48 8b 03 48 83 f8
0x00007ffd759b3406:   ff 0f 84 d2 00 00 00 44 8b fe 48 83 f8 ff 74 03
0x00007ffd759b3416:   ff 40 24 4c 8b 73 18 4c 8d 2d d4 20 10 00 bd 22
0x00007ffd759b3426:   17 00 00 e8 22 14 fc ff 85 c0 0f 85 be b2 05 00
0x00007ffd759b3436:   b9 82 03 fe 7f 80 39 00 0f 85 cc b2 05 00 49 83
0x00007ffd759b3446:   fe ff 0f 85 5a b3 05 00 4c 8b cf c7 44 24 20 00
0x00007ffd759b3456:   00 00 00 41 b8 04 00 00 00 48 8d 54 24 48 48 8d
0x00007ffd759b3466:   4b 08 e8 37 01 00 00 3d 02 01 00 00 0f 84 43 b3
0x00007ffd759b3476:   05 00 8b 4b 08 89 4c 24 48 f6 c1 02 75 ca 3d 02
0x00007ffd759b3486:   01 00 00 0f 84 2c b3 05 00 0f b6 6c 24 40 4c 8b
0x00007ffd759b3496:   6c 24 50 85 c0 0f 88 78 b4 05 00 40 84 ed 75 73
0x00007ffd759b34a6:   48 8b 8c 24 90 00 00 00 48 33 cc e8 7a 8d 02 00
0x00007ffd759b34b6:   48 8b 9c 24 f0 00 00 00 48 81 c4 a0 00 00 00 41
0x00007ffd759b34c6:   5f 41 5e 41 5d 41 5c 5f 5e 5d c3 cc 48 8b cb e8
0x00007ffd759b34d6:   56 05 00 00 e9 21 ff ff ff 8b 4b 20 48 c7 c0 ff
0x00007ffd759b34e6:   ff ff ff 48 0f ba e1 18 0f 82 19 ff ff ff 48 8b
0x00007ffd759b34f6:   cb e8 44 e3 fa ff 48 8b 03 e9 09 ff ff ff c6 44
0x00007ffd759b3506:   24 40 01 41 c7 85 60 17 00 00 01 00 00 00 e9 b2 


Stack slot to memory mapping:
stack at sp + 0 slots: 0x735562694c5f6176 is an unknown value
stack at sp + 1 slots: 0x00006e65b60000b6 is an unknown value
stack at sp + 2 slots: 0x0000003b000000b8 is an unknown value
stack at sp + 3 slots: 0x00000162dc085e8a is an unknown value
stack at sp + 4 slots: {method} {0x0000016272704b68} 'open' '(Lorg/usb4java/Device;Lorg/usb4java/DeviceHandle;)I' in 'org/usb4java/LibUsb'
stack at sp + 5 slots: 0x0000016202000002 is an unknown value
stack at sp + 6 slots: {method} {0x0000016272704b68} 'open' '(Lorg/usb4java/Device;Lorg/usb4java/DeviceHandle;)I' in 'org/usb4java/LibUsb'
stack at sp + 7 slots: 0x0000016275a76840 is a thread


Compiled method (c1)    2572 1758       3       java.security.ProtectionDomain$JavaSecurityAccessImpl::doIntersectionPrivilege (22 bytes)
 total in heap  [0x000001625e54b010,0x000001625e54b9b0] = 2464
 relocation     [0x000001625e54b168,0x000001625e54b220] = 184
 main code      [0x000001625e54b220,0x000001625e54b700] = 1248
 stub code      [0x000001625e54b700,0x000001625e54b798] = 152
 metadata       [0x000001625e54b798,0x000001625e54b7b8] = 32
 scopes data    [0x000001625e54b7b8,0x000001625e54b898] = 224
 scopes pcs     [0x000001625e54b898,0x000001625e54b998] = 256
 dependencies   [0x000001625e54b998,0x000001625e54b9a0] = 8
 nul chk table  [0x000001625e54b9a0,0x000001625e54b9b0] = 16

[Constant Pool (empty)]

[MachCode]
[Entry Point]
  # {method} {0x0000016271b43ac8} 'doIntersectionPrivilege' '(Ljava/security/PrivilegedAction;Ljava/security/AccessControlContext;Ljava/security/AccessControlContext;)Ljava/lang/Object;' in 'java/security/ProtectionDomain$JavaSecurityAccessImpl'
  # this:     rdx:rdx   = 'java/security/ProtectionDomain$JavaSecurityAccessImpl'
  # parm0:    r8:r8     = 'java/security/PrivilegedAction'
  # parm1:    r9:r9     = 'java/security/AccessControlContext'
  # parm2:    rdi:rdi   = 'java/security/AccessControlContext'
  #           [sp+0xa0]  (sp of caller)
  0x000001625e54b220: 448b 5208 | 49c1 e203 

  0x000001625e54b228: ;   {runtime_call ic_miss_stub}
  0x000001625e54b228: 4c3b d00f | 854f 187b | ff66 6666 | 0f1f 8400 | 0000 0000 | 6666 6690 
[Verified Entry Point]
  0x000001625e54b240: 8984 2400 | 90ff ff55 | 4881 ec90 

  0x000001625e54b24c: ;   {metadata(method data for {method} {0x0000016271b43ac8} 'doIntersectionPrivilege' '(Ljava/security/PrivilegedAction;Ljava/security/AccessControlContext;Ljava/security/AccessControlContext;)Ljava/lang/Object;' in 'java/security/ProtectionDomain$JavaSecurityAccessImpl')}
  0x000001625e54b24c: 0000 0048 | be10 9877 | 7262 0100 | 008b 9ecc | 0000 0083 | c302 899e | cc00 0000 | 81e3 fe07 
  0x000001625e54b26c: 0000 83fb | 000f 8462 | 0300 0049 

  0x000001625e54b278: ;   {metadata(method data for {method} {0x0000016271b43ac8} 'doIntersectionPrivilege' '(Ljava/security/PrivilegedAction;Ljava/security/AccessControlContext;Ljava/security/AccessControlContext;)Ljava/lang/Object;' in 'java/security/ProtectionDomain$JavaSecurityAccessImpl')}
  0x000001625e54b278: 83f8 0048 | ba10 9877 | 7262 0100 | 0048 be20 | 0100 0000 | 0000 000f | 840a 0000 | 0048 be10 
  0x000001625e54b298: 0100 0000 | 0000 0048 | 8b1c 3248 | 8d5b 0148 | 891c 320f | 849a 0200 | 004c 8944 

  0x000001625e54b2b4: ;   {metadata(method data for {method} {0x0000016271b43ac8} 'doIntersectionPrivilege' '(Ljava/security/PrivilegedAction;Ljava/security/AccessControlContext;Ljava/security/AccessControlContext;)Ljava/lang/Object;' in 'java/security/ProtectionDomain$JavaSecurityAccessImpl')}
  0x000001625e54b2b4: 2460 48ba | 1098 7772 | 6201 0000 | 4883 8240 | 0100 0001 | 488b d74d 

  0x000001625e54b2cc: ;   {static_call}
  0x000001625e54b2cc: 8bc1 90e8 

  0x000001625e54b2d0: ; ImmutableOopMap {[96]=Oop }
                      ;*invokestatic getCombinedACC {reexecute=0 rethrow=0 return_oop=0}
                      ; - java.security.ProtectionDomain$JavaSecurityAccessImpl::doIntersectionPrivilege@15 (line 88)
  0x000001625e54b2d0: 0c0d 0000 

  0x000001625e54b2d4: ;   {metadata(method data for {method} {0x0000016271b43ac8} 'doIntersectionPrivilege' '(Ljava/security/PrivilegedAction;Ljava/security/AccessControlContext;Ljava/security/AccessControlContext;)Ljava/lang/Object;' in 'java/security/ProtectionDomain$JavaSecurityAccessImpl')}
  0x000001625e54b2d4: 48be 1098 | 7772 6201 | 0000 4883 | 8650 0100 

  0x000001625e54b2e4: ;   {metadata(method data for {method} {0x0000016271839640} 'doPrivileged' '(Ljava/security/PrivilegedAction;Ljava/security/AccessControlContext;)Ljava/lang/Object;' in 'java/security/AccessController')}
  0x000001625e54b2e4: 0001 48be | f016 6a72 | 6201 0000 | 8bbe cc00 | 0000 83c7 | 0289 becc | 0000 0081 | e7fe ff1f 
  0x000001625e54b304: 0083 ff00 | 0f84 ec02 

  0x000001625e54b30c: ;   {metadata(method data for {method} {0x0000016271839640} 'doPrivileged' '(Ljava/security/PrivilegedAction;Ljava/security/AccessControlContext;)Ljava/lang/Object;' in 'java/security/AccessController')}
  0x000001625e54b30c: 0000 48be | f016 6a72 | 6201 0000 | 4883 8610 | 0100 0001 | 4889 4424 

  0x000001625e54b324: ;   {static_call}
  0x000001625e54b324: 6866 90e8 

  0x000001625e54b328: ; ImmutableOopMap {[96]=Oop [104]=Oop }
                      ;*invokestatic getCallerClass {reexecute=0 rethrow=0 return_oop=0}
                      ; - java.security.AccessController::doPrivileged@0 (line 397)
                      ; - java.security.ProtectionDomain$JavaSecurityAccessImpl::doIntersectionPrivilege@18 (line 86)
  0x000001625e54b328: 0cd2 2607 

  0x000001625e54b32c: ;   {metadata(method data for {method} {0x0000016271839640} 'doPrivileged' '(Ljava/security/PrivilegedAction;Ljava/security/AccessControlContext;)Ljava/lang/Object;' in 'java/security/AccessController')}
  0x000001625e54b32c: 48ba f016 | 6a72 6201 | 0000 4883 | 8220 0100 | 0001 488b | 5424 684c | 8bc0 4889 | 4424 700f 
  0x000001625e54b34c: ;   {static_call}
  0x000001625e54b34c: 1f40 00e8 

  0x000001625e54b350: ; ImmutableOopMap {[96]=Oop [112]=Oop }
                      ;*invokestatic checkContext {reexecute=0 rethrow=0 return_oop=0}
                      ; - java.security.AccessController::doPrivileged@6 (line 398)
                      ; - java.security.ProtectionDomain$JavaSecurityAccessImpl::doIntersectionPrivilege@18 (line 86)
  0x000001625e54b350: ec22 fdff | 4889 4424 

  0x000001625e54b358: ;   {metadata(method data for {method} {0x0000016271839640} 'doPrivileged' '(Ljava/security/PrivilegedAction;Ljava/security/AccessControlContext;)Ljava/lang/Object;' in 'java/security/AccessController')}
  0x000001625e54b358: 7848 baf0 | 166a 7262 | 0100 0048 | 8382 3001 

  0x000001625e54b368: ;   {metadata(method data for {method} {0x000001627183a260} 'executePrivileged' '(Ljava/security/PrivilegedAction;Ljava/security/AccessControlContext;Ljava/lang/Class;)Ljava/lang/Object;' in 'java/security/AccessController')}
  0x000001625e54b368: 0000 0148 | baa0 49d4 | 7162 0100 | 008b b2cc | 0000 0083 | c602 89b2 | cc00 0000 | 81e6 feff 
  0x000001625e54b388: 1f00 83fe | 000f 8488 | 0200 0048 

  0x000001625e54b394: ;   {metadata(method data for {method} {0x000001627183a260} 'executePrivileged' '(Ljava/security/PrivilegedAction;Ljava/security/AccessControlContext;Ljava/lang/Class;)Ljava/lang/Object;' in 'java/security/AccessController')}
  0x000001625e54b394: 83f8 0048 | baa0 49d4 | 7162 0100 | 0048 be10 | 0100 0000 | 0000 000f | 840a 0000 | 0048 be20 
  0x000001625e54b3b4: 0100 0000 | 0000 0048 | 8b3c 3248 | 8d7f 0148 | 893c 320f | 841f 0000 

  0x000001625e54b3cc: ;   {metadata(method data for {method} {0x000001627183a260} 'executePrivileged' '(Ljava/security/PrivilegedAction;Ljava/security/AccessControlContext;Ljava/lang/Class;)Ljava/lang/Object;' in 'java/security/AccessController')}
  0x000001625e54b3cc: 0048 baa0 | 49d4 7162 | 0100 0048 | 8382 3001 | 0000 0148 | 8bd0 0f1f 

  0x000001625e54b3e4: ;   {static_call}
  0x000001625e54b3e4: 4400 00e8 

  0x000001625e54b3e8: ; ImmutableOopMap {[96]=Oop [112]=Oop [120]=Oop }
                      ;*invokestatic ensureMaterializedForStackWalk {reexecute=0 rethrow=0 return_oop=0}
                      ; - java.security.AccessController::executePrivileged@5 (line 772)
                      ; - java.security.AccessController::doPrivileged@13 (line 399)
                      ; - java.security.ProtectionDomain$JavaSecurityAccessImpl::doIntersectionPrivilege@18 (line 86)
  0x000001625e54b3e8: cce2 2907 

  0x000001625e54b3ec: ;   {metadata(method data for {method} {0x000001627183a260} 'executePrivileged' '(Ljava/security/PrivilegedAction;Ljava/security/AccessControlContext;Ljava/lang/Class;)Ljava/lang/Object;' in 'java/security/AccessController')}
  0x000001625e54b3ec: 48ba a049 | d471 6201 | 0000 ff82 | 4001 0000 | 4c8b 4424 | 6049 3b00 

  0x000001625e54b404: ;   {metadata(method data for {method} {0x000001627183a260} 'executePrivileged' '(Ljava/security/PrivilegedAction;Ljava/security/AccessControlContext;Ljava/lang/Class;)Ljava/lang/Object;' in 'java/security/AccessController')}
  0x000001625e54b404: 498b d048 | bea0 49d4 | 7162 0100 | 008b 5208 | 48c1 e203 | 483b 96b0 | 0100 0075 | 0d48 8386 
  0x000001625e54b424: b801 0000 | 01e9 6600 | 0000 483b | 96c0 0100 | 0075 0d48 | 8386 c801 | 0000 01e9 | 5000 0000 
  0x000001625e54b444: 4881 beb0 | 0100 0000 | 0000 0075 | 1748 8996 | b001 0000 | 48c7 86b8 | 0100 0001 | 0000 00e9 
  0x000001625e54b464: 2c00 0000 | 4881 bec0 | 0100 0000 | 0000 0075 | 1748 8996 | c001 0000 | 48c7 86c8 | 0100 0001 
  0x000001625e54b484: 0000 00e9 | 0800 0000 | 4883 86a0 | 0100 0001 | 498b d066 | 0f1f 4400 | 0048 b860 | 9b3b 7762 
  0x000001625e54b4a4: ;   {virtual_call}
  0x000001625e54b4a4: 0100 00e8 

  0x000001625e54b4a8: ; ImmutableOopMap {[112]=Oop [120]=Oop }
                      ;*invokeinterface run {reexecute=0 rethrow=0 return_oop=0}
                      ; - java.security.AccessController::executePrivileged@29 (line 776)
                      ; - java.security.AccessController::doPrivileged@13 (line 399)
                      ; - java.security.ProtectionDomain$JavaSecurityAccessImpl::doIntersectionPrivilege@18 (line 86)
  0x000001625e54b4a8: 5c9a 86ff 

  0x000001625e54b4ac: ;   {metadata(method data for {method} {0x000001627183a260} 'executePrivileged' '(Ljava/security/PrivilegedAction;Ljava/security/AccessControlContext;Ljava/lang/Class;)Ljava/lang/Object;' in 'java/security/AccessController')}
  0x000001625e54b4ac: 48ba a049 | d471 6201 | 0000 ff82 | d801 0000 | 488b 5424 

  0x000001625e54b4c0: ;   {metadata(method data for {method} {0x000001627183a260} 'executePrivileged' '(Ljava/security/PrivilegedAction;Ljava/security/AccessControlContext;Ljava/lang/Class;)Ljava/lang/Object;' in 'java/security/AccessController')}
  0x000001625e54b4c0: 7048 bea0 | 49d4 7162 | 0100 0048 | 8386 3802 

  0x000001625e54b4d0: ;   {metadata(method data for {method} {0x000001627183fe98} 'reachabilityFence' '(Ljava/lang/Object;)V' in 'java/lang/ref/Reference')}
  0x000001625e54b4d0: 0000 0148 | be48 4cd4 | 7162 0100 | 008b becc | 0000 0083 | c702 89be | cc00 0000 | 81e7 feff 
  0x000001625e54b4f0: 1f00 83ff | 000f 8446 

  0x000001625e54b4f8: ;   {metadata(method data for {method} {0x000001627183a260} 'executePrivileged' '(Ljava/security/PrivilegedAction;Ljava/security/AccessControlContext;Ljava/lang/Class;)Ljava/lang/Object;' in 'java/security/AccessController')}
  0x000001625e54b4f8: 0100 0048 | baa0 49d4 | 7162 0100 | 0048 8382 | 4802 0000 

  0x000001625e54b50c: ;   {metadata(method data for {method} {0x000001627183fe98} 'reachabilityFence' '(Ljava/lang/Object;)V' in 'java/lang/ref/Reference')}
  0x000001625e54b50c: 0148 ba48 | 4cd4 7162 | 0100 008b | b2cc 0000 | 0083 c602 | 89b2 cc00 | 0000 81e6 | feff 1f00 
  0x000001625e54b52c: 83fe 000f | 842d 0100 | 0048 81c4 | 9000 0000 

  0x000001625e54b53c: ;   {poll_return}
  0x000001625e54b53c: 5d49 3ba7 | 3803 0000 | 0f87 3901 | 0000 c30f | 1f44 0000 

  0x000001625e54b550: ;   {no_reloc}
  0x000001625e54b550: e953 0100 | 0000 0000 | 0000 498b | 87f0 0000 | 0048 8d78 | 3049 3bbf | 0001 0000 | 0f87 4001 
  0x000001625e54b570: 0000 4989 | bff0 0000 | 0048 c700 | 0100 0000 | 488b ca48 | c1e9 0389 | 4808 4833 | c989 480c 
  0x000001625e54b590: 4833 c948 | 8948 1048 | 8948 1848 | 8948 2048 | 8948 2848 

  0x000001625e54b5a4: ;   {metadata(method data for {method} {0x0000016271b43ac8} 'doIntersectionPrivilege' '(Ljava/security/PrivilegedAction;Ljava/security/AccessControlContext;Ljava/security/AccessControlContext;)Ljava/lang/Object;' in 'java/security/ProtectionDomain$JavaSecurityAccessImpl')}
  0x000001625e54b5a4: 8bd0 48be | 1098 7772 | 6201 0000 | 4883 8630 | 0100 0001 | 488b d048 | 8984 2480 | 0000 000f 
  0x000001625e54b5c4: ;   {optimized virtual_call}
  0x000001625e54b5c4: 1f40 00e8 

  0x000001625e54b5c8: ; ImmutableOopMap {[128]=Oop }
                      ;*invokespecial <init> {reexecute=0 rethrow=0 return_oop=0}
                      ; - java.security.ProtectionDomain$JavaSecurityAccessImpl::doIntersectionPrivilege@8 (line 83)
  0x000001625e54b5c8: b417 7bff | 488b 8424 | 8000 0000 | e905 0100 

  0x000001625e54b5d8: ;   {metadata({method} {0x0000016271b43ac8} 'doIntersectionPrivilege' '(Ljava/security/PrivilegedAction;Ljava/security/AccessControlContext;Ljava/security/AccessControlContext;)Ljava/lang/Object;' in 'java/security/ProtectionDomain$JavaSecurityAccessImpl')}
  0x000001625e54b5d8: 0049 bac0 | 3ab4 7162 | 0100 004c | 8954 2408 | 48c7 0424 | ffff ffff 

  0x000001625e54b5f0: ;   {runtime_call counter_overflow Runtime1 stub}
  0x000001625e54b5f0: e80b 0186 

  0x000001625e54b5f4: ; ImmutableOopMap {rdx=Oop r8=Oop r9=Oop rdi=Oop }
                      ;*synchronization entry
                      ; - java.security.ProtectionDomain$JavaSecurityAccessImpl::doIntersectionPrivilege@-1 (line 82)
  0x000001625e54b5f4: ffe9 7dfc 

  0x000001625e54b5f8: ;   {metadata({method} {0x0000016271839640} 'doPrivileged' '(Ljava/security/PrivilegedAction;Ljava/security/AccessControlContext;)Ljava/lang/Object;' in 'java/security/AccessController')}
  0x000001625e54b5f8: ffff 49ba | 3896 8371 | 6201 0000 | 4c89 5424 | 0848 c704 | 24ff ffff 

  0x000001625e54b610: ;   {runtime_call counter_overflow Runtime1 stub}
  0x000001625e54b610: ffe8 ea00 

  0x000001625e54b614: ; ImmutableOopMap {[96]=Oop rax=Oop }
                      ;*synchronization entry
                      ; - java.security.AccessController::doPrivileged@-1 (line 397)
                      ; - java.security.ProtectionDomain$JavaSecurityAccessImpl::doIntersectionPrivilege@18 (line 86)
  0x000001625e54b614: 86ff e9f3 

  0x000001625e54b618: ;   {metadata({method} {0x000001627183a260} 'executePrivileged' '(Ljava/security/PrivilegedAction;Ljava/security/AccessControlContext;Ljava/lang/Class;)Ljava/lang/Object;' in 'java/security/AccessController')}
  0x000001625e54b618: fcff ff49 | ba58 a283 | 7162 0100 | 004c 8954 | 2408 48c7 | 0424 ffff 

  0x000001625e54b630: ;   {runtime_call counter_overflow Runtime1 stub}
  0x000001625e54b630: ffff e8c9 

  0x000001625e54b634: ; ImmutableOopMap {[96]=Oop [112]=Oop rax=Oop [120]=Oop }
                      ;*synchronization entry
                      ; - java.security.AccessController::executePrivileged@-1 (line 771)
                      ; - java.security.AccessController::doPrivileged@13 (line 399)
                      ; - java.security.ProtectionDomain$JavaSecurityAccessImpl::doIntersectionPrivilege@18 (line 86)
  0x000001625e54b634: 0086 ffe9 | 57fd ffff 

  0x000001625e54b63c: ;   {runtime_call throw_null_pointer_exception Runtime1 stub}
  0x000001625e54b63c: e8df af85 

  0x000001625e54b640: ; ImmutableOopMap {[112]=Oop r8=Oop [120]=Oop }
                      ;*invokeinterface run {reexecute=0 rethrow=0 return_oop=0}
                      ; - java.security.AccessController::executePrivileged@29 (line 776)
                      ; - java.security.AccessController::doPrivileged@13 (line 399)
                      ; - java.security.ProtectionDomain$JavaSecurityAccessImpl::doIntersectionPrivilege@18 (line 86)
                      ;   {metadata({method} {0x000001627183fe98} 'reachabilityFence' '(Ljava/lang/Object;)V' in 'java/lang/ref/Reference')}
  0x000001625e54b640: ff49 ba90 | fe83 7162 | 0100 004c | 8954 2408 | 48c7 0424 | ffff ffff 

  0x000001625e54b658: ;   {runtime_call counter_overflow Runtime1 stub}
  0x000001625e54b658: e8a3 0086 

  0x000001625e54b65c: ; ImmutableOopMap {rax=Oop rdx=Oop }
                      ;*synchronization entry
                      ; - java.lang.ref.Reference::reachabilityFence@-1 (line 619)
                      ; - java.security.AccessController::executePrivileged@56 (line 781)
                      ; - java.security.AccessController::doPrivileged@13 (line 399)
                      ; - java.security.ProtectionDomain$JavaSecurityAccessImpl::doIntersectionPrivilege@18 (line 86)
  0x000001625e54b65c: ffe9 99fe 

  0x000001625e54b660: ;   {metadata({method} {0x000001627183fe98} 'reachabilityFence' '(Ljava/lang/Object;)V' in 'java/lang/ref/Reference')}
  0x000001625e54b660: ffff 49ba | 90fe 8371 | 6201 0000 | 4c89 5424 | 0848 c704 | 24ff ffff 

  0x000001625e54b678: ;   {runtime_call counter_overflow Runtime1 stub}
  0x000001625e54b678: ffe8 8200 

  0x000001625e54b67c: ; ImmutableOopMap {rax=Oop }
                      ;*synchronization entry
                      ; - java.lang.ref.Reference::reachabilityFence@-1 (line 619)
                      ; - java.security.AccessController::executePrivileged@60 (line 782)
                      ; - java.security.AccessController::doPrivileged@13 (line 399)
                      ; - java.security.ProtectionDomain$JavaSecurityAccessImpl::doIntersectionPrivilege@18 (line 86)
  0x000001625e54b67c: 86ff e9b2 

  0x000001625e54b680: ;   {internal_word}
  0x000001625e54b680: feff ff49 | ba3d b554 | 5e62 0100 | 004d 8997 | 5003 0000 

  0x000001625e54b694: ;   {runtime_call SafepointBlob}
  0x000001625e54b694: e967 7d7b 

  0x000001625e54b698: ;   {metadata(NULL)}
  0x000001625e54b698: ff48 ba00 | 0000 0000 | 0000 00b8 | 000f 050a 

  0x000001625e54b6a8: ;   {runtime_call load_klass_patching Runtime1 stub}
  0x000001625e54b6a8: e8d3 ef85 

  0x000001625e54b6ac: ; ImmutableOopMap {}
                      ;*new {reexecute=1 rethrow=0 return_oop=0}
                      ; - (reexecute) java.security.ProtectionDomain$JavaSecurityAccessImpl::doIntersectionPrivilege@4 (line 83)
  0x000001625e54b6ac: ffe9 9efe | ffff 488b 

  0x000001625e54b6b4: ;   {runtime_call fast_new_instance Runtime1 stub}
  0x000001625e54b6b4: d2e8 46b8 

  0x000001625e54b6b8: ; ImmutableOopMap {}
                      ;*new {reexecute=0 rethrow=0 return_oop=0}
                      ; - java.security.ProtectionDomain$JavaSecurityAccessImpl::doIntersectionPrivilege@4 (line 83)
  0x000001625e54b6b8: 85ff e9e4 | feff ff90 | 9049 8b87 | c803 0000 | 49c7 87c8 | 0300 0000 | 0000 0049 | c787 d003 
  0x000001625e54b6d8: 0000 0000 | 0000 4881 | c490 0000 

  0x000001625e54b6e4: ;   {runtime_call unwind_exception Runtime1 stub}
  0x000001625e54b6e4: 005d e995 | cf7c fff4 | f4f4 f4f4 | f4f4 f4f4 | f4f4 f4f4 | f4f4 f4f4 | f4f4 f4f4 
[Stub Code]
  0x000001625e54b700: ;   {no_reloc}
  0x000001625e54b700: 0f1f 4400 

  0x000001625e54b704: ;   {static_stub}
  0x000001625e54b704: 0048 bb00 | 0000 0000 

  0x000001625e54b70c: ;   {runtime_call}
  0x000001625e54b70c: 0000 00e9 | fbff ffff 

  0x000001625e54b714: ;   {static_stub}
  0x000001625e54b714: 9048 bb00 | 0000 0000 

  0x000001625e54b71c: ;   {runtime_call}
  0x000001625e54b71c: 0000 00e9 | fbff ffff 

  0x000001625e54b724: ;   {static_stub}
  0x000001625e54b724: 9048 bb00 | 0000 0000 

  0x000001625e54b72c: ;   {runtime_call}
  0x000001625e54b72c: 0000 00e9 | fbff ffff 

  0x000001625e54b734: ;   {static_stub}
  0x000001625e54b734: 9048 bb00 | 0000 0000 

  0x000001625e54b73c: ;   {runtime_call}
  0x000001625e54b73c: 0000 00e9 | fbff ffff 

  0x000001625e54b744: ;   {static_stub}
  0x000001625e54b744: 9048 bb00 | 0000 0000 

  0x000001625e54b74c: ;   {runtime_call}
  0x000001625e54b74c: 0000 00e9 | fbff ffff 

  0x000001625e54b754: ;   {static_stub}
  0x000001625e54b754: 9048 bb00 | 0000 0000 

  0x000001625e54b75c: ;   {runtime_call}
  0x000001625e54b75c: 0000 00e9 | fbff ffff 
[Exception Handler]
  0x000001625e54b764: ;   {runtime_call handle_exception_from_callee Runtime1 stub}
  0x000001625e54b764: e897 cc85 

  0x000001625e54b768: ;   {external_word}
  0x000001625e54b768: ff48 b950 | b7b6 26fd | 7f00 0048 

  0x000001625e54b774: ;   {runtime_call}
  0x000001625e54b774: 83e4 f049 | baf0 057f | 26fd 7f00 | 0041 ffd2 

  0x000001625e54b784: ;   {section_word}
  0x000001625e54b784: f449 ba85 | b754 5e62 | 0100 0041 

  0x000001625e54b790: ;   {runtime_call DeoptimizationBlob}
  0x000001625e54b790: 52e9 0a6f | 7bff f4f4 
[/MachCode]


Compiled method (c1)    2593 1852       3       java.awt.EventQueue::dispatchEvent (80 bytes)
 total in heap  [0x000001625e578410,0x000001625e579f10] = 6912
 relocation     [0x000001625e578568,0x000001625e578748] = 480
 main code      [0x000001625e578760,0x000001625e579760] = 4096
 stub code      [0x000001625e579760,0x000001625e579878] = 280
 oops           [0x000001625e579878,0x000001625e579880] = 8
 metadata       [0x000001625e579880,0x000001625e579910] = 144
 scopes data    [0x000001625e579910,0x000001625e579c60] = 848
 scopes pcs     [0x000001625e579c60,0x000001625e579ef0] = 656
 dependencies   [0x000001625e579ef0,0x000001625e579f00] = 16
 nul chk table  [0x000001625e579f00,0x000001625e579f10] = 16

[Constant Pool (empty)]

[MachCode]
[Entry Point]
  # {method} {0x0000016271f5ad60} 'dispatchEvent' '(Ljava/awt/AWTEvent;)V' in 'java/awt/EventQueue'
  # this:     rdx:rdx   = 'java/awt/EventQueue'
  # parm0:    r8:r8     = 'java/awt/AWTEvent'
  #           [sp+0x190]  (sp of caller)
  0x000001625e578760: 448b 5208 | 49c1 e203 

  0x000001625e578768: ;   {runtime_call ic_miss_stub}
  0x000001625e578768: 4c3b d00f | 850f 4378 | ff66 6666 | 0f1f 8400 | 0000 0000 | 6666 6690 
[Verified Entry Point]
  0x000001625e578780: 8984 2400 | 90ff ff55 | 4881 ec80 | 0100 0048 | 8994 2400 

  0x000001625e578794: ;   {metadata(method data for {method} {0x0000016271f5ad60} 'dispatchEvent' '(Ljava/awt/AWTEvent;)V' in 'java/awt/EventQueue')}
  0x000001625e578794: 0100 0048 | be98 8572 | 7262 0100 | 008b becc | 0000 0083 | c702 89be | cc00 0000 | 81e7 fe07 
  0x000001625e5787b4: 0000 83ff | 000f 8452 | 0b00 0049 | 3b00 498b 

  0x000001625e5787c4: ;   {metadata(method data for {method} {0x0000016271f5ad60} 'dispatchEvent' '(Ljava/awt/AWTEvent;)V' in 'java/awt/EventQueue')}
  0x000001625e5787c4: f048 bf98 | 8572 7262 | 0100 008b | 7608 48c1 | e603 483b | b720 0100 | 0075 0d48 | 8387 2801 
  0x000001625e5787e4: 0000 01e9 | 6600 0000 | 483b b730 | 0100 0075 | 0d48 8387 | 3801 0000 | 01e9 5000 | 0000 4881 
  0x000001625e578804: bf20 0100 | 0000 0000 | 0075 1748 | 89b7 2001 | 0000 48c7 | 8728 0100 | 0001 0000 | 00e9 2c00 
  0x000001625e578824: 0000 4881 | bf30 0100 | 0000 0000 | 0075 1748 | 89b7 3001 | 0000 48c7 | 8738 0100 | 0001 0000 
  0x000001625e578844: 00e9 0800 | 0000 4883 | 8710 0100 | 0001 418b | 580c 4c8b 

  0x000001625e578858: ;   {metadata('java/awt/EventQueue$4')}
  0x000001625e578858: ca48 ba30 | 2714 0001 | 0000 0049 | 8b87 f000 | 0000 488d | 7818 493b | bf00 0100 | 000f 87bc 
  0x000001625e578878: 0a00 0049 | 89bf f000 | 0000 48c7 | 0001 0000 | 0048 8bca | 48c1 e903 | 8948 0848 | 33c9 8948 
  0x000001625e578898: 0c48 33c9 | 4889 4810 | 4889 8424 | f800 0000 

  0x000001625e5788a8: ;   {metadata(method data for {method} {0x0000016271f5ad60} 'dispatchEvent' '(Ljava/awt/AWTEvent;)V' in 'java/awt/EventQueue')}
  0x000001625e5788a8: 488b f048 | bf98 8572 | 7262 0100 | 0048 8387 | 4801 0000 

  0x000001625e5788bc: ;   {metadata(method data for {method} {0x0000016272157ea8} '<init>' '(Ljava/awt/EventQueue;Ljava/awt/AWTEvent;Ljava/lang/Object;)V' in 'java/awt/EventQueue$4')}
  0x000001625e5788bc: 0148 be48 | 8872 7262 | 0100 008b | becc 0000 | 0083 c702 | 89be cc00 | 0000 81e7 | feff 1f00 
  0x000001625e5788dc: 83ff 000f | 845f 0a00 | 0041 0fbe | 7738 83fe | 000f 8572 | 0a00 004d | 8bd1 4489 | 5014 488b 
  0x000001625e5788fc: f049 33f1 | 48c1 ee14 | 4883 fe00 | 0f85 720a | 0000 410f | be77 3883 | fe00 0f85 | 7c0a 0000 
  0x000001625e57891c: 4d8b d044 | 8950 0c48 | 8bf0 4933 | f048 c1ee | 1448 83fe | 000f 857c | 0a00 0041 | 0fbe 7738 
  0x000001625e57893c: 83fe 000f | 8586 0a00 | 004c 8bd3 | 4489 5010 | 488b f048 | 33f3 48c1 | ee14 4883 | fe00 0f85 
  0x000001625e57895c: 860a 0000 

  0x000001625e578960: ;   {metadata(method data for {method} {0x0000016272157ea8} '<init>' '(Ljava/awt/EventQueue;Ljava/awt/AWTEvent;Ljava/lang/Object;)V' in 'java/awt/EventQueue$4')}
  0x000001625e578960: 488b f048 | bf48 8872 | 7262 0100 | 0048 8387 | 1001 0000 

  0x000001625e578974: ;   {metadata(method data for {method} {0x0000016271800528} '<init>' '()V' in 'java/lang/Object')}
  0x000001625e578974: 0148 be30 | f9aa 7162 | 0100 008b | becc 0000 | 0083 c702 | 89be cc00 | 0000 81e7 | feff 1f00 
  0x000001625e578994: 83ff 000f | 8461 0a00 

  0x000001625e57899c: ;   {metadata(method data for {method} {0x0000016271f5ad60} 'dispatchEvent' '(Ljava/awt/AWTEvent;)V' in 'java/awt/EventQueue')}
  0x000001625e57899c: 0048 be98 | 8572 7262 | 0100 0048 | 8386 5801 | 0000 014c | 8984 24f0 | 0000 0048 | 899c 24e8 
  0x000001625e5789bc: ;   {static_call}
  0x000001625e5789bc: 0000 00e8 

  0x000001625e5789c0: ; ImmutableOopMap {[240]=Oop [248]=Oop [256]=Oop [232]=Oop }
                      ;*invokestatic getContext {reexecute=0 rethrow=0 return_oop=0}
                      ; - java.awt.EventQueue::dispatchEvent@16 (line 736)
  0x000001625e5789c0: 1c62 faff | 4889 8424 | 0801 0000 

  0x000001625e5789cc: ;   {metadata(method data for {method} {0x0000016271f5ad60} 'dispatchEvent' '(Ljava/awt/AWTEvent;)V' in 'java/awt/EventQueue')}
  0x000001625e5789cc: 48ba 9885 | 7272 6201 | 0000 4883 | 8268 0100 | 0001 488b | 9424 e800 

  0x000001625e5789e4: ;   {static_call}
  0x000001625e5789e4: 0000 90e8 

  0x000001625e5789e8: ; ImmutableOopMap {[240]=Oop [248]=Oop [256]=Oop [264]=Oop }
                      ;*invokestatic getAccessControlContextFrom {reexecute=0 rethrow=0 return_oop=0}
                      ; - java.awt.EventQueue::dispatchEvent@22 (line 738)
  0x000001625e5789e8: 890d 0000 | 4c8b 8424 | f000 0000 

  0x000001625e5789f4: ;   {metadata(method data for {method} {0x0000016271f5ad60} 'dispatchEvent' '(Ljava/awt/AWTEvent;)V' in 'java/awt/EventQueue')}
  0x000001625e5789f4: 48ba 9885 | 7272 6201 | 0000 4883 | 8278 0100 

  0x000001625e578a04: ;   {metadata(method data for {method} {0x0000016271fb4058} 'getAccessControlContext' '()Ljava/security/AccessControlContext;' in 'java/awt/AWTEvent')}
  0x000001625e578a04: 0001 48ba | a08d 7272 | 6201 0000 | 448b 82cc | 0000 0041 | 83c0 0244 | 8982 cc00 | 0000 4181 
  0x000001625e578a24: e0fe ff1f | 0041 83f8 | 000f 84ec | 0900 004c | 8b84 24f0 | 0000 0041 | 8b50 1c48 

  0x000001625e578a40: ;   {metadata(method data for {method} {0x0000016271fb4058} 'getAccessControlContext' '()Ljava/security/AccessControlContext;' in 'java/awt/AWTEvent')}
  0x000001625e578a40: 83fa 0048 | baa0 8d72 | 7262 0100 | 0048 be20 | 0100 0000 | 0000 000f | 840a 0000 | 0048 be10 
  0x000001625e578a60: 0100 0000 | 0000 0048 | 8b3c 3248 | 8d7f 0148 | 893c 320f | 8438 0800 | 0041 8b58 | 1c48 83f8 
  0x000001625e578a80: ;   {metadata(method data for {method} {0x0000016271f5ad60} 'dispatchEvent' '(Ljava/awt/AWTEvent;)V' in 'java/awt/EventQueue')}
  0x000001625e578a80: 0048 ba98 | 8572 7262 | 0100 0049 | b8b0 0100 | 0000 0000 | 000f 850a | 0000 0049 | b8c0 0100 
  0x000001625e578aa0: 0000 0000 | 004a 8b34 | 0248 8d76 | 014a 8934 | 020f 85ce 

  0x000001625e578ab4: ;   {oop(a 'java/security/ProtectionDomain$JavaSecurityAccessImpl'{0x00000000c1a156f0})}
  0x000001625e578ab4: 0200 0048 | baf0 56a1 | c100 0000 

  0x000001625e578ac0: ;   {metadata(method data for {method} {0x0000016271f5ad60} 'dispatchEvent' '(Ljava/awt/AWTEvent;)V' in 'java/awt/EventQueue')}
  0x000001625e578ac0: 0049 b898 | 8572 7262 

  0x000001625e578ac8: ;   {metadata('java/security/ProtectionDomain$JavaSecurityAccessImpl')}
  0x000001625e578ac8: 0100 0049 | ba70 5d02 | 0001 0000 | 004d 8990 | e001 0000 | 4983 80e8 | 0100 0001 

  0x000001625e578ae4: ;   {metadata(method data for {method} {0x0000016271b43ac8} 'doIntersectionPrivilege' '(Ljava/security/PrivilegedAction;Ljava/security/AccessControlContext;Ljava/security/AccessControlContext;)Ljava/lang/Object;' in 'java/security/ProtectionDomain$JavaSecurityAccessImpl')}
  0x000001625e578ae4: 48ba 1098 | 7772 6201 | 0000 448b | 82cc 0000 | 0041 83c0 | 0244 8982 | cc00 0000 | 4181 e0fe 
  0x000001625e578b04: ff1f 0041 | 83f8 000f | 842f 0900 

  0x000001625e578b10: ;   {metadata(method data for {method} {0x0000016271b43ac8} 'doIntersectionPrivilege' '(Ljava/security/PrivilegedAction;Ljava/security/AccessControlContext;Ljava/security/AccessControlContext;)Ljava/lang/Object;' in 'java/security/ProtectionDomain$JavaSecurityAccessImpl')}
  0x000001625e578b10: 0048 ba10 | 9877 7262 | 0100 00ff | 8210 0100 

  0x000001625e578b20: ;   {metadata(method data for {method} {0x0000016271b43ac8} 'doIntersectionPrivilege' '(Ljava/security/PrivilegedAction;Ljava/security/AccessControlContext;Ljava/security/AccessControlContext;)Ljava/lang/Object;' in 'java/security/ProtectionDomain$JavaSecurityAccessImpl')}
  0x000001625e578b20: 0048 ba10 | 9877 7262 | 0100 0048 | 8382 4001 | 0000 0148 | 8bd3 4c8b | 8424 0801 

  0x000001625e578b3c: ;   {static_call}
  0x000001625e578b3c: 0000 90e8 

  0x000001625e578b40: ; ImmutableOopMap {[248]=Oop }
                      ;*invokestatic getCombinedACC {reexecute=0 rethrow=0 return_oop=0}
                      ; - java.security.ProtectionDomain$JavaSecurityAccessImpl::doIntersectionPrivilege@15 (line 88)
                      ; - java.awt.EventQueue::dispatchEvent@46 (line 742)
  0x000001625e578b40: 9c34 fdff 

  0x000001625e578b44: ;   {metadata(method data for {method} {0x0000016271b43ac8} 'doIntersectionPrivilege' '(Ljava/security/PrivilegedAction;Ljava/security/AccessControlContext;Ljava/security/AccessControlContext;)Ljava/lang/Object;' in 'java/security/ProtectionDomain$JavaSecurityAccessImpl')}
  0x000001625e578b44: 48be 1098 | 7772 6201 | 0000 4883 | 8650 0100 

  0x000001625e578b54: ;   {metadata(method data for {method} {0x0000016271839640} 'doPrivileged' '(Ljava/security/PrivilegedAction;Ljava/security/AccessControlContext;)Ljava/lang/Object;' in 'java/security/AccessController')}
  0x000001625e578b54: 0001 48be | f016 6a72 | 6201 0000 | 8bbe cc00 | 0000 83c7 | 0289 becc | 0000 0081 | e7fe ff1f 
  0x000001625e578b74: 0083 ff00 | 0f84 e308 

  0x000001625e578b7c: ;   {metadata(method data for {method} {0x0000016271839640} 'doPrivileged' '(Ljava/security/PrivilegedAction;Ljava/security/AccessControlContext;)Ljava/lang/Object;' in 'java/security/AccessController')}
  0x000001625e578b7c: 0000 48be | f016 6a72 | 6201 0000 | 4883 8610 | 0100 0001 | 4889 8424 | 1001 0000 | 0f1f 8000 
  0x000001625e578b9c: ;   {static_call}
  0x000001625e578b9c: 0000 00e8 

  0x000001625e578ba0: ; ImmutableOopMap {[248]=Oop [272]=Oop }
                      ;*invokestatic getCallerClass {reexecute=0 rethrow=0 return_oop=0}
                      ; - java.security.AccessController::doPrivileged@0 (line 397)
                      ; - java.security.ProtectionDomain$JavaSecurityAccessImpl::doIntersectionPrivilege@18 (line 86)
                      ; - java.awt.EventQueue::dispatchEvent@46 (line 742)
  0x000001625e578ba0: 94f9 2307 

  0x000001625e578ba4: ;   {metadata(method data for {method} {0x0000016271839640} 'doPrivileged' '(Ljava/security/PrivilegedAction;Ljava/security/AccessControlContext;)Ljava/lang/Object;' in 'java/security/AccessController')}
  0x000001625e578ba4: 48ba f016 | 6a72 6201 | 0000 4883 | 8220 0100 | 0001 488b | 9424 1001 | 0000 4c8b | c048 8984 
  0x000001625e578bc4: 2418 0100 | 0066 0f1f 

  0x000001625e578bcc: ;   {static_call}
  0x000001625e578bcc: 4400 00e8 

  0x000001625e578bd0: ; ImmutableOopMap {[248]=Oop [280]=Oop }
                      ;*invokestatic checkContext {reexecute=0 rethrow=0 return_oop=0}
                      ; - java.security.AccessController::doPrivileged@6 (line 398)
                      ; - java.security.ProtectionDomain$JavaSecurityAccessImpl::doIntersectionPrivilege@18 (line 86)
                      ; - java.awt.EventQueue::dispatchEvent@46 (line 742)
  0x000001625e578bd0: 6c4a faff | 4889 8424 | 2001 0000 

  0x000001625e578bdc: ;   {metadata(method data for {method} {0x0000016271839640} 'doPrivileged' '(Ljava/security/PrivilegedAction;Ljava/security/AccessControlContext;)Ljava/lang/Object;' in 'java/security/AccessController')}
  0x000001625e578bdc: 48ba f016 | 6a72 6201 | 0000 4883 | 8230 0100 

  0x000001625e578bec: ;   {metadata(method data for {method} {0x000001627183a260} 'executePrivileged' '(Ljava/security/PrivilegedAction;Ljava/security/AccessControlContext;Ljava/lang/Class;)Ljava/lang/Object;' in 'java/security/AccessController')}
  0x000001625e578bec: 0001 48ba | a049 d471 | 6201 0000 | 8bb2 cc00 | 0000 83c6 | 0289 b2cc | 0000 0081 | e6fe ff1f 
  0x000001625e578c0c: 0083 fe00 | 0f84 6c08 | 0000 4883 

  0x000001625e578c18: ;   {metadata(method data for {method} {0x000001627183a260} 'executePrivileged' '(Ljava/security/PrivilegedAction;Ljava/security/AccessControlContext;Ljava/lang/Class;)Ljava/lang/Object;' in 'java/security/AccessController')}
  0x000001625e578c18: f800 48ba | a049 d471 | 6201 0000 | 48be 1001 | 0000 0000 | 0000 0f84 | 0a00 0000 | 48be 2001 
  0x000001625e578c38: 0000 0000 | 0000 488b | 3c32 488d | 7f01 4889 | 3c32 0f84 | 1c00 0000 

  0x000001625e578c50: ;   {metadata(method data for {method} {0x000001627183a260} 'executePrivileged' '(Ljava/security/PrivilegedAction;Ljava/security/AccessControlContext;Ljava/lang/Class;)Ljava/lang/Object;' in 'java/security/AccessController')}
  0x000001625e578c50: 48ba a049 | d471 6201 | 0000 4883 | 8230 0100 | 0001 488b 

  0x000001625e578c64: ;   {static_call}
  0x000001625e578c64: d066 90e8 

  0x000001625e578c68: ; ImmutableOopMap {[248]=Oop [280]=Oop [288]=Oop }
                      ;*invokestatic ensureMaterializedForStackWalk {reexecute=0 rethrow=0 return_oop=0}
                      ; - java.security.AccessController::executePrivileged@5 (line 772)
                      ; - java.security.AccessController::doPrivileged@13 (line 399)
                      ; - java.security.ProtectionDomain$JavaSecurityAccessImpl::doIntersectionPrivilege@18 (line 86)
                      ; - java.awt.EventQueue::dispatchEvent@46 (line 742)
  0x000001625e578c68: 4c0a 2707 

  0x000001625e578c6c: ;   {metadata(method data for {method} {0x000001627183a260} 'executePrivileged' '(Ljava/security/PrivilegedAction;Ljava/security/AccessControlContext;Ljava/lang/Class;)Ljava/lang/Object;' in 'java/security/AccessController')}
  0x000001625e578c6c: 48ba a049 | d471 6201 | 0000 ff82 | 4001 0000 | 488b 9424 | f800 0000 

  0x000001625e578c84: ;   {metadata(method data for {method} {0x000001627183a260} 'executePrivileged' '(Ljava/security/PrivilegedAction;Ljava/security/AccessControlContext;Ljava/lang/Class;)Ljava/lang/Object;' in 'java/security/AccessController')}
  0x000001625e578c84: 48be a049 | d471 6201 

  0x000001625e578c8c: ;   {metadata(method data for {method} {0x0000016272158028} 'run' '()Ljava/lang/Object;' in 'java/awt/EventQueue$4')}
  0x000001625e578c8c: 0000 48ba | 208f 7272 | 6201 0000 | 8bb2 cc00 | 0000 83c6 | 0289 b2cc | 0000 0081 | e6fe ff1f 
  0x000001625e578cac: 0083 fe00 | 0f84 ed07 | 0000 488b | 9424 f800 

  0x000001625e578cbc: ;   {metadata(method data for {method} {0x0000016272158028} 'run' '()Ljava/lang/Object;' in 'java/awt/EventQueue$4')}
  0x000001625e578cbc: 0000 48be | 208f 7272 | 6201 0000 

  0x000001625e578cc8: ;   {metadata('java/awt/EventQueue$4')}
  0x000001625e578cc8: 49ba 3027 | 1400 0100 | 0000 4c89 | 9620 0100 | 0048 8386 | 2801 0000 | 0148 8b94 | 24f8 0000 
  0x000001625e578ce8: 0066 0f1f 

  0x000001625e578cec: ;   {optimized virtual_call}
  0x000001625e578cec: 4400 00e8 

  0x000001625e578cf0: ; ImmutableOopMap {[280]=Oop [288]=Oop }
                      ;*invokevirtual run {reexecute=0 rethrow=0 return_oop=0}
                      ; - java.awt.EventQueue$4::run@1 (line 714)
                      ; - java.security.AccessController::executePrivileged@29 (line 776)
                      ; - java.security.AccessController::doPrivileged@13 (line 399)
                      ; - java.security.ProtectionDomain$JavaSecurityAccessImpl::doIntersectionPrivilege@18 (line 86)
                      ; - java.awt.EventQueue::dispatchEvent@46 (line 742)
  0x000001625e578cf0: d10a 0000 

  0x000001625e578cf4: ;   {metadata(method data for {method} {0x000001627183a260} 'executePrivileged' '(Ljava/security/PrivilegedAction;Ljava/security/AccessControlContext;Ljava/lang/Class;)Ljava/lang/Object;' in 'java/security/AccessController')}
  0x000001625e578cf4: 48ba a049 | d471 6201 | 0000 ff82 | d801 0000 | 488b 9424 | 1801 0000 

  0x000001625e578d0c: ;   {metadata(method data for {method} {0x000001627183a260} 'executePrivileged' '(Ljava/security/PrivilegedAction;Ljava/security/AccessControlContext;Ljava/lang/Class;)Ljava/lang/Object;' in 'java/security/AccessController')}
  0x000001625e578d0c: 48be a049 | d471 6201 | 0000 4883 | 8638 0200 

  0x000001625e578d1c: ;   {metadata(method data for {method} {0x000001627183fe98} 'reachabilityFence' '(Ljava/lang/Object;)V' in 'java/lang/ref/Reference')}
  0x000001625e578d1c: 0001 48be | 484c d471 | 6201 0000 | 8bbe cc00 | 0000 83c7 | 0289 becc | 0000 0081 | e7fe ff1f 
  0x000001625e578d3c: 0083 ff00 | 0f84 7e07 

  0x000001625e578d44: ;   {metadata(method data for {method} {0x000001627183a260} 'executePrivileged' '(Ljava/security/PrivilegedAction;Ljava/security/AccessControlContext;Ljava/lang/Class;)Ljava/lang/Object;' in 'java/security/AccessController')}
  0x000001625e578d44: 0000 48ba | a049 d471 | 6201 0000 | 4883 8248 | 0200 0001 

  0x000001625e578d58: ;   {metadata(method data for {method} {0x000001627183fe98} 'reachabilityFence' '(Ljava/lang/Object;)V' in 'java/lang/ref/Reference')}
  0x000001625e578d58: 48ba 484c | d471 6201 | 0000 8bb2 | cc00 0000 | 83c6 0289 | b2cc 0000 | 0081 e6fe | ff1f 0083 
  0x000001625e578d78: fe00 0f84 | 6507 0000 | e906 0500 | 004c 8bc8 | 488b 8424 | f800 0000 

  0x000001625e578d90: ;   {metadata('java/awt/EventQueue$5')}
  0x000001625e578d90: 48ba a0bc | 1900 0100 | 0000 4c8b | d849 8b87 | f000 0000 | 488d 7818 | 493b bf00 | 0100 000f 
  0x000001625e578db0: 8751 0700 | 0049 89bf | f000 0000 | 48c7 0001 | 0000 0048 | 8bca 48c1 | e903 8948 | 0848 33c9 
  0x000001625e578dd0: 8948 0c48 | 33c9 4889 | 4810 488b 

  0x000001625e578ddc: ;   {metadata(method data for {method} {0x0000016271f5ad60} 'dispatchEvent' '(Ljava/awt/AWTEvent;)V' in 'java/awt/EventQueue')}
  0x000001625e578ddc: d049 b898 | 8572 7262 | 0100 0049 | 8380 2002 

  0x000001625e578dec: ;   {metadata(method data for {method} {0x00000162726a0188} '<init>' '(Ljava/awt/EventQueue;Ljava/security/PrivilegedAction;Ljava/security/AccessControlContext;)V' in 'java/awt/EventQueue$5')}
  0x000001625e578dec: 0000 0148 | ba08 9372 | 7262 0100 | 0044 8b82 | cc00 0000 | 4183 c002 | 4489 82cc | 0000 0041 
  0x000001625e578e0c: 81e0 feff | 1f00 4183 | f800 0f84 | f706 0000 | 410f be57 | 3883 fa00 | 0f85 0a07 | 0000 4d8b 
  0x000001625e578e2c: d344 8950 | 0c48 8bd0 | 4933 d348 | c1ea 1448 | 83fa 000f | 850a 0700 | 0041 0fbe | 5738 83fa 
  0x000001625e578e4c: 000f 8514 | 0700 004c | 8bd3 4489 | 5010 488b | d048 33d3 | 48c1 ea14 | 4883 fa00 | 0f85 1407 
  0x000001625e578e6c: 0000 488b 

  0x000001625e578e70: ;   {metadata(method data for {method} {0x00000162726a0188} '<init>' '(Ljava/awt/EventQueue;Ljava/security/PrivilegedAction;Ljava/security/AccessControlContext;)V' in 'java/awt/EventQueue$5')}
  0x000001625e578e70: d049 b808 | 9372 7262 | 0100 0049 | 8380 1001 

  0x000001625e578e80: ;   {metadata(method data for {method} {0x0000016271800528} '<init>' '()V' in 'java/lang/Object')}
  0x000001625e578e80: 0000 0148 | ba30 f9aa | 7162 0100 | 0044 8b82 | cc00 0000 | 4183 c002 | 4489 82cc | 0000 0041 
  0x000001625e578ea0: 81e0 feff | 1f00 4183 | f800 0f84 | ea06 0000 

  0x000001625e578eb0: ;   {oop(a 'java/security/ProtectionDomain$JavaSecurityAccessImpl'{0x00000000c1a156f0})}
  0x000001625e578eb0: 48ba f056 | a1c1 0000 

  0x000001625e578eb8: ;   {metadata(method data for {method} {0x0000016271f5ad60} 'dispatchEvent' '(Ljava/awt/AWTEvent;)V' in 'java/awt/EventQueue')}
  0x000001625e578eb8: 0000 49b8 | 9885 7272 | 6201 0000 

  0x000001625e578ec4: ;   {metadata('java/security/ProtectionDomain$JavaSecurityAccessImpl')}
  0x000001625e578ec4: 49ba 705d | 0200 0100 | 0000 4d89 | 9040 0200 | 0049 8380 | 4802 0000 

  0x000001625e578edc: ;   {metadata(method data for {method} {0x0000016271b43ac8} 'doIntersectionPrivilege' '(Ljava/security/PrivilegedAction;Ljava/security/AccessControlContext;Ljava/security/AccessControlContext;)Ljava/lang/Object;' in 'java/security/ProtectionDomain$JavaSecurityAccessImpl')}
  0x000001625e578edc: 0148 ba10 | 9877 7262 | 0100 0044 | 8b82 cc00 | 0000 4183 | c002 4489 | 82cc 0000 | 0041 81e0 
  0x000001625e578efc: feff 1f00 | 4183 f800 | 0f84 b106 

  0x000001625e578f08: ;   {metadata(method data for {method} {0x0000016271b43ac8} 'doIntersectionPrivilege' '(Ljava/security/PrivilegedAction;Ljava/security/AccessControlContext;Ljava/security/AccessControlContext;)Ljava/lang/Object;' in 'java/security/ProtectionDomain$JavaSecurityAccessImpl')}
  0x000001625e578f08: 0000 48ba | 1098 7772 | 6201 0000 | ff82 1001 | 0000 4889 | 8424 2801 

  0x000001625e578f20: ;   {metadata(method data for {method} {0x0000016271b43ac8} 'doIntersectionPrivilege' '(Ljava/security/PrivilegedAction;Ljava/security/AccessControlContext;Ljava/security/AccessControlContext;)Ljava/lang/Object;' in 'java/security/ProtectionDomain$JavaSecurityAccessImpl')}
  0x000001625e578f20: 0000 48ba | 1098 7772 | 6201 0000 | 4883 8240 | 0100 0001 | 498b d14c | 8b84 2408 

  0x000001625e578f3c: ;   {static_call}
  0x000001625e578f3c: 0100 00e8 

  0x000001625e578f40: ; ImmutableOopMap {[296]=Oop }
                      ;*invokestatic getCombinedACC {reexecute=0 rethrow=0 return_oop=0}
                      ; - java.security.ProtectionDomain$JavaSecurityAccessImpl::doIntersectionPrivilege@15 (line 88)
                      ; - java.awt.EventQueue::dispatchEvent@73 (line 744)
  0x000001625e578f40: 9c30 fdff 

  0x000001625e578f44: ;   {metadata(method data for {method} {0x0000016271b43ac8} 'doIntersectionPrivilege' '(Ljava/security/PrivilegedAction;Ljava/security/AccessControlContext;Ljava/security/AccessControlContext;)Ljava/lang/Object;' in 'java/security/ProtectionDomain$JavaSecurityAccessImpl')}
  0x000001625e578f44: 48be 1098 | 7772 6201 | 0000 4883 | 8650 0100 

  0x000001625e578f54: ;   {metadata(method data for {method} {0x0000016271839640} 'doPrivileged' '(Ljava/security/PrivilegedAction;Ljava/security/AccessControlContext;)Ljava/lang/Object;' in 'java/security/AccessController')}
  0x000001625e578f54: 0001 48be | f016 6a72 | 6201 0000 | 8bbe cc00 | 0000 83c7 | 0289 becc | 0000 0081 | e7fe ff1f 
  0x000001625e578f74: 0083 ff00 | 0f84 5e06 

  0x000001625e578f7c: ;   {metadata(method data for {method} {0x0000016271839640} 'doPrivileged' '(Ljava/security/PrivilegedAction;Ljava/security/AccessControlContext;)Ljava/lang/Object;' in 'java/security/AccessController')}
  0x000001625e578f7c: 0000 48be | f016 6a72 | 6201 0000 | 4883 8610 | 0100 0001 | 4889 8424 | 3001 0000 | 0f1f 8000 
  0x000001625e578f9c: ;   {static_call}
  0x000001625e578f9c: 0000 00e8 

  0x000001625e578fa0: ; ImmutableOopMap {[296]=Oop [304]=Oop }
                      ;*invokestatic getCallerClass {reexecute=0 rethrow=0 return_oop=0}
                      ; - java.security.AccessController::doPrivileged@0 (line 397)
                      ; - java.security.ProtectionDomain$JavaSecurityAccessImpl::doIntersectionPrivilege@18 (line 86)
                      ; - java.awt.EventQueue::dispatchEvent@73 (line 744)
  0x000001625e578fa0: 94f5 2307 

  0x000001625e578fa4: ;   {metadata(method data for {method} {0x0000016271839640} 'doPrivileged' '(Ljava/security/PrivilegedAction;Ljava/security/AccessControlContext;)Ljava/lang/Object;' in 'java/security/AccessController')}
  0x000001625e578fa4: 48ba f016 | 6a72 6201 | 0000 4883 | 8220 0100 | 0001 488b | 9424 3001 | 0000 4c8b | c048 8984 
  0x000001625e578fc4: 2438 0100 | 0066 0f1f 

  0x000001625e578fcc: ;   {static_call}
  0x000001625e578fcc: 4400 00e8 

  0x000001625e578fd0: ; ImmutableOopMap {[296]=Oop [312]=Oop }
                      ;*invokestatic checkContext {reexecute=0 rethrow=0 return_oop=0}
                      ; - java.security.AccessController::doPrivileged@6 (line 398)
                      ; - java.security.ProtectionDomain$JavaSecurityAccessImpl::doIntersectionPrivilege@18 (line 86)
                      ; - java.awt.EventQueue::dispatchEvent@73 (line 744)
  0x000001625e578fd0: 6c46 faff | 4889 8424 | 4001 0000 

  0x000001625e578fdc: ;   {metadata(method data for {method} {0x0000016271839640} 'doPrivileged' '(Ljava/security/PrivilegedAction;Ljava/security/AccessControlContext;)Ljava/lang/Object;' in 'java/security/AccessController')}
  0x000001625e578fdc: 48ba f016 | 6a72 6201 | 0000 4883 | 8230 0100 

  0x000001625e578fec: ;   {metadata(method data for {method} {0x000001627183a260} 'executePrivileged' '(Ljava/security/PrivilegedAction;Ljava/security/AccessControlContext;Ljava/lang/Class;)Ljava/lang/Object;' in 'java/security/AccessController')}
  0x000001625e578fec: 0001 48ba | a049 d471 | 6201 0000 | 8bb2 cc00 | 0000 83c6 | 0289 b2cc | 0000 0081 | e6fe ff1f 
  0x000001625e57900c: 0083 fe00 | 0f84 e705 | 0000 4883 

  0x000001625e579018: ;   {metadata(method data for {method} {0x000001627183a260} 'executePrivileged' '(Ljava/security/PrivilegedAction;Ljava/security/AccessControlContext;Ljava/lang/Class;)Ljava/lang/Object;' in 'java/security/AccessController')}
  0x000001625e579018: f800 48ba | a049 d471 | 6201 0000 | 48be 1001 | 0000 0000 | 0000 0f84 | 0a00 0000 | 48be 2001 
  0x000001625e579038: 0000 0000 | 0000 488b | 3c32 488d | 7f01 4889 | 3c32 0f84 | 1c00 0000 

  0x000001625e579050: ;   {metadata(method data for {method} {0x000001627183a260} 'executePrivileged' '(Ljava/security/PrivilegedAction;Ljava/security/AccessControlContext;Ljava/lang/Class;)Ljava/lang/Object;' in 'java/security/AccessController')}
  0x000001625e579050: 48ba a049 | d471 6201 | 0000 4883 | 8230 0100 | 0001 488b 

  0x000001625e579064: ;   {static_call}
  0x000001625e579064: d066 90e8 

  0x000001625e579068: ; ImmutableOopMap {[296]=Oop [312]=Oop [320]=Oop }
                      ;*invokestatic ensureMaterializedForStackWalk {reexecute=0 rethrow=0 return_oop=0}
                      ; - java.security.AccessController::executePrivileged@5 (line 772)
                      ; - java.security.AccessController::doPrivileged@13 (line 399)
                      ; - java.security.ProtectionDomain$JavaSecurityAccessImpl::doIntersectionPrivilege@18 (line 86)
                      ; - java.awt.EventQueue::dispatchEvent@73 (line 744)
  0x000001625e579068: 4c06 2707 

  0x000001625e57906c: ;   {metadata(method data for {method} {0x000001627183a260} 'executePrivileged' '(Ljava/security/PrivilegedAction;Ljava/security/AccessControlContext;Ljava/lang/Class;)Ljava/lang/Object;' in 'java/security/AccessController')}
  0x000001625e57906c: 48be a049 | d471 6201 | 0000 ff86 | 4001 0000 | 488b 8424 | 2801 0000 

  0x000001625e579084: ;   {metadata(method data for {method} {0x000001627183a260} 'executePrivileged' '(Ljava/security/PrivilegedAction;Ljava/security/AccessControlContext;Ljava/lang/Class;)Ljava/lang/Object;' in 'java/security/AccessController')}
  0x000001625e579084: 488b f848 | bba0 49d4 | 7162 0100 

  0x000001625e579090: ;   {metadata(method data for {method} {0x00000162726a02d8} 'run' '()Ljava/lang/Object;' in 'java/awt/EventQueue$5')}
  0x000001625e579090: 0048 bf70 | 9472 7262 | 0100 008b | 9fcc 0000 | 0083 c302 | 899f cc00 | 0000 81e3 | feff 1f00 
  0x000001625e5790b0: 83fb 000f | 8465 0500 | 0048 8bf8 

  0x000001625e5790bc: ;   {metadata(method data for {method} {0x00000162726a02d8} 'run' '()Ljava/lang/Object;' in 'java/awt/EventQueue$5')}
  0x000001625e5790bc: 48bb 7094 | 7272 6201 

  0x000001625e5790c4: ;   {metadata('java/awt/EventQueue$5')}
  0x000001625e5790c4: 0000 49ba | a0bc 1900 | 0100 0000 | 4c89 9320 | 0100 0048 | 8383 2801 

  0x000001625e5790dc: ;   {metadata(method data for {method} {0x00000162726a0238} 'run' '()Ljava/lang/Void;' in 'java/awt/EventQueue$5')}
  0x000001625e5790dc: 0000 0148 | bff8 9572 | 7262 0100 | 008b 9fcc | 0000 0083 | c302 899f | cc00 0000 | 81e3 feff 
  0x000001625e5790fc: 1f00 83fb | 000f 8438 | 0500 008b | 780c 8b58 

  0x000001625e57910c: ;   {oop(a 'java/security/ProtectionDomain$JavaSecurityAccessImpl'{0x00000000c1a156f0})}
  0x000001625e57910c: 1048 b8f0 | 56a1 c100 | 0000 0048 

  0x000001625e579118: ;   {metadata(method data for {method} {0x00000162726a0238} 'run' '()Ljava/lang/Void;' in 'java/awt/EventQueue$5')}
  0x000001625e579118: 8bd0 48b9 | f895 7272 | 6201 0000 

  0x000001625e579124: ;   {metadata('java/security/ProtectionDomain$JavaSecurityAccessImpl')}
  0x000001625e579124: 49ba 705d | 0200 0100 | 0000 4c89 | 9120 0100 | 0048 8381 | 2801 0000 

  0x000001625e57913c: ;   {metadata(method data for {method} {0x0000016271b43b90} 'doIntersectionPrivilege' '(Ljava/security/PrivilegedAction;Ljava/security/AccessControlContext;)Ljava/lang/Object;' in 'java/security/ProtectionDomain$JavaSecurityAccessImpl')}
  0x000001625e57913c: 0148 ba80 | 9772 7262 | 0100 008b | 8acc 0000 | 0083 c102 | 898a cc00 | 0000 81e1 | feff 1f00 
  0x000001625e57915c: 83f9 000f | 84fb 0400 

  0x000001625e579164: ;   {metadata(method data for {method} {0x0000016271b43b90} 'doIntersectionPrivilege' '(Ljava/security/PrivilegedAction;Ljava/security/AccessControlContext;)Ljava/lang/Object;' in 'java/security/ProtectionDomain$JavaSecurityAccessImpl')}
  0x000001625e579164: 0048 ba80 | 9772 7262 | 0100 0048 | 8382 1001 | 0000 0148 | 899c 2458 | 0100 0048 | 89bc 2450 
  0x000001625e579184: 0100 0048 | 8984 2448 

  0x000001625e57918c: ;   {static_call}
  0x000001625e57918c: 0100 00e8 

  0x000001625e579190: ; ImmutableOopMap {[312]=Oop [320]=Oop [344]=Oop [328]=Oop [336]=Oop }
                      ;*invokestatic getContext {reexecute=0 rethrow=0 return_oop=0}
                      ; - java.security.ProtectionDomain$JavaSecurityAccessImpl::doIntersectionPrivilege@2 (line 98)
                      ; - java.awt.EventQueue$5::run@11 (line 747)
                      ; - java.awt.EventQueue$5::run@1 (line 745)
                      ; - java.security.AccessController::executePrivileged@29 (line 776)
                      ; - java.security.AccessController::doPrivileged@13 (line 399)
                      ; - java.security.ProtectionDomain$JavaSecurityAccessImpl::doIntersectionPrivilege@18 (line 86)
                      ; - java.awt.EventQueue::dispatchEvent@73 (line 744)
  0x000001625e579190: 4c5a faff | 4c8b 8424 | 4801 0000 

  0x000001625e57919c: ;   {metadata(method data for {method} {0x0000016271b43b90} 'doIntersectionPrivilege' '(Ljava/security/PrivilegedAction;Ljava/security/AccessControlContext;)Ljava/lang/Object;' in 'java/security/ProtectionDomain$JavaSecurityAccessImpl')}
  0x000001625e57919c: 49b9 8097 | 7272 6201 

  0x000001625e5791a4: ;   {metadata('java/security/ProtectionDomain$JavaSecurityAccessImpl')}
  0x000001625e5791a4: 0000 49ba | 705d 0200 | 0100 0000 | 4d89 9130 | 0100 0049 | 8381 3801 | 0000 014c | 8b84 2450 
  0x000001625e5791c4: 0100 004c | 8bc8 488b | bc24 5801 | 0000 488b | 9424 4801 | 0000 0f1f 

  0x000001625e5791dc: ;   {optimized virtual_call}
  0x000001625e5791dc: 4400 00e8 

  0x000001625e5791e0: ; ImmutableOopMap {[312]=Oop [320]=Oop }
                      ;*invokevirtual doIntersectionPrivilege {reexecute=0 rethrow=0 return_oop=0}
                      ; - java.security.ProtectionDomain$JavaSecurityAccessImpl::doIntersectionPrivilege@6 (line 97)
                      ; - java.awt.EventQueue$5::run@11 (line 747)
                      ; - java.awt.EventQueue$5::run@1 (line 745)
                      ; - java.security.AccessController::executePrivileged@29 (line 776)
                      ; - java.security.AccessController::doPrivileged@13 (line 399)
                      ; - java.security.ProtectionDomain$JavaSecurityAccessImpl::doIntersectionPrivilege@18 (line 86)
                      ; - java.awt.EventQueue::dispatchEvent@73 (line 744)
  0x000001625e5791e0: 5c20 fdff 

  0x000001625e5791e4: ;   {metadata(method data for {method} {0x000001627183a260} 'executePrivileged' '(Ljava/security/PrivilegedAction;Ljava/security/AccessControlContext;Ljava/lang/Class;)Ljava/lang/Object;' in 'java/security/AccessController')}
  0x000001625e5791e4: 48ba a049 | d471 6201 | 0000 ff82 | d801 0000 | 488b 8424 | 3801 0000 

  0x000001625e5791fc: ;   {metadata(method data for {method} {0x000001627183a260} 'executePrivileged' '(Ljava/security/PrivilegedAction;Ljava/security/AccessControlContext;Ljava/lang/Class;)Ljava/lang/Object;' in 'java/security/AccessController')}
  0x000001625e5791fc: 48ba a049 | d471 6201 | 0000 4883 | 8238 0200 

  0x000001625e57920c: ;   {metadata(method data for {method} {0x000001627183fe98} 'reachabilityFence' '(Ljava/lang/Object;)V' in 'java/lang/ref/Reference')}
  0x000001625e57920c: 0001 48ba | 484c d471 | 6201 0000 | 448b 82cc | 0000 0041 | 83c0 0244 | 8982 cc00 | 0000 4181 
  0x000001625e57922c: e0fe ff1f | 0041 83f8 | 000f 8446 

  0x000001625e579238: ;   {metadata(method data for {method} {0x000001627183a260} 'executePrivileged' '(Ljava/security/PrivilegedAction;Ljava/security/AccessControlContext;Ljava/lang/Class;)Ljava/lang/Object;' in 'java/security/AccessController')}
  0x000001625e579238: 0400 0048 | baa0 49d4 | 7162 0100 | 0048 8382 | 4802 0000 

  0x000001625e57924c: ;   {metadata(method data for {method} {0x000001627183fe98} 'reachabilityFence' '(Ljava/lang/Object;)V' in 'java/lang/ref/Reference')}
  0x000001625e57924c: 0148 ba48 | 4cd4 7162 | 0100 008b | 82cc 0000 | 0083 c002 | 8982 cc00 | 0000 81e0 | feff 1f00 
  0x000001625e57926c: 83f8 000f | 842d 0400 | 0048 81c4 | 8001 0000 

  0x000001625e57927c: ;   {poll_return}
  0x000001625e57927c: 5d49 3ba7 | 3803 0000 | 0f87 3904 

  0x000001625e579288: ;   {metadata(method data for {method} {0x0000016271f5ad60} 'dispatchEvent' '(Ljava/awt/AWTEvent;)V' in 'java/awt/EventQueue')}
  0x000001625e579288: 0000 c348 | ba98 8572 | 7262 0100 | 00ff 8208 | 0200 0048 | 81c4 8001 

  0x000001625e5792a0: ;   {poll_return}
  0x000001625e5792a0: 0000 5d49 | 3ba7 3803 | 0000 0f87 | 2904 0000 | c348 8984 | 2468 0100 | 000f 1f80 | 0000 0000 
  0x000001625e5792c0: ;   {no_reloc}
  0x000001625e5792c0: e939 0400 | 0000 0000 | 0000 e939 | 0400 004c 

  0x000001625e5792d0: ;   {metadata(method data for {method} {0x0000016271fb4058} 'getAccessControlContext' '()Ljava/security/AccessControlContext;' in 'java/awt/AWTEvent')}
  0x000001625e5792d0: 8bc0 48ba | a08d 7272 | 6201 0000 | 4883 8230 | 0100 0001 

  0x000001625e5792e4: ;   {oop("AWTEvent is missing AccessControlContext"{0x00000000c5356ca8})}
  0x000001625e5792e4: 49b8 a86c | 35c5 0000 | 0000 488b | d048 8984 | 2460 0100 | 0066 0f1f 

  0x000001625e5792fc: ;   {optimized virtual_call}
  0x000001625e5792fc: 4400 00e8 

  0x000001625e579300: ; ImmutableOopMap {[360]=Oop [352]=Oop [248]=Oop [256]=Oop [264]=Oop }
                      ;*invokespecial <init> {reexecute=0 rethrow=0 return_oop=0}
                      ; - java.awt.AWTEvent::getAccessControlContext@13 (line 128)
                      ; - java.awt.EventQueue::dispatchEvent@28 (line 740)
  0x000001625e579300: 7c3a 78ff | 488b 8424 | 6001 0000 | e923 0400 

  0x000001625e579310: ;   {metadata({method} {0x0000016271f5ad60} 'dispatchEvent' '(Ljava/awt/AWTEvent;)V' in 'java/awt/EventQueue')}
  0x000001625e579310: 0049 ba58 | adf5 7162 | 0100 004c | 8954 2408 | 48c7 0424 | ffff ffff 

  0x000001625e579328: ;   {runtime_call counter_overflow Runtime1 stub}
  0x000001625e579328: e8d3 2383 

  0x000001625e57932c: ; ImmutableOopMap {rdx=Oop [256]=Oop r8=Oop }
                      ;*synchronization entry
                      ; - java.awt.EventQueue::dispatchEvent@-1 (line 713)
  0x000001625e57932c: ffe9 8df4 

  0x000001625e579330: ;   {runtime_call throw_null_pointer_exception Runtime1 stub}
  0x000001625e579330: ffff e8e9 

  0x000001625e579334: ; ImmutableOopMap {r8=Oop rdx=Oop [256]=Oop }
                      ;*invokevirtual getSource {reexecute=0 rethrow=0 return_oop=0}
                      ; - java.awt.EventQueue::dispatchEvent@1 (line 713)
  0x000001625e579334: d282 ff48 

  0x000001625e579338: ;   {runtime_call fast_new_instance Runtime1 stub}
  0x000001625e579338: 8bd2 e8c1 

  0x000001625e57933c: ; ImmutableOopMap {r8=Oop rbx=Oop r9=Oop [256]=Oop }
                      ;*new {reexecute=0 rethrow=0 return_oop=0}
                      ; - java.awt.EventQueue::dispatchEvent@5 (line 714)
  0x000001625e57933c: db82 ffe9 | 5cf5 ffff 

  0x000001625e579344: ;   {metadata({method} {0x0000016272157ea8} '<init>' '(Ljava/awt/EventQueue;Ljava/awt/AWTEvent;Ljava/lang/Object;)V' in 'java/awt/EventQueue$4')}
  0x000001625e579344: 49ba a07e | 1572 6201 | 0000 4c89 | 5424 0848 | c704 24ff 

  0x000001625e579358: ;   {runtime_call counter_overflow Runtime1 stub}
  0x000001625e579358: ffff ffe8 

  0x000001625e57935c: ; ImmutableOopMap {r8=Oop rbx=Oop r9=Oop [256]=Oop rax=Oop [248]=Oop }
                      ;*synchronization entry
                      ; - java.awt.EventQueue$4::<init>@-1 (line 714)
                      ; - java.awt.EventQueue::dispatchEvent@12 (line 714)
  0x000001625e57935c: a023 83ff | e980 f5ff | ff8b 7014 | 4883 fe00 | 0f84 81f5 | ffff 4889 

  0x000001625e579374: ;   {runtime_call g1_pre_barrier_slow}
  0x000001625e579374: 3424 e885 | 2983 ffe9 | 73f5 ffff | 4983 f900 | 0f84 84f5 | ffff 4889 

  0x000001625e57938c: ;   {runtime_call g1_post_barrier_slow}
  0x000001625e57938c: 0424 e86d | 2c83 ffe9 | 76f5 ffff | 8b70 0c48 | 83fe 000f | 8477 f5ff | ff48 8934 

  0x000001625e5793a8: ;   {runtime_call g1_pre_barrier_slow}
  0x000001625e5793a8: 24e8 5229 | 83ff e969 | f5ff ff49 | 83f8 000f | 847a f5ff | ff48 8904 

  0x000001625e5793c0: ;   {runtime_call g1_post_barrier_slow}
  0x000001625e5793c0: 24e8 3a2c | 83ff e96c | f5ff ff8b | 7010 4883 | fe00 0f84 | 6df5 ffff | 4889 3424 

  0x000001625e5793dc: ;   {runtime_call g1_pre_barrier_slow}
  0x000001625e5793dc: e81f 2983 | ffe9 5ff5 | ffff 4883 | fb00 0f84 | 70f5 ffff | 4889 0424 

  0x000001625e5793f4: ;   {runtime_call g1_post_barrier_slow}
  0x000001625e5793f4: e807 2c83 | ffe9 62f5 

  0x000001625e5793fc: ;   {metadata({method} {0x0000016271800528} '<init>' '()V' in 'java/lang/Object')}
  0x000001625e5793fc: ffff 49ba | 2005 8071 | 6201 0000 | 4c89 5424 | 0848 c704 | 24ff ffff 

  0x000001625e579414: ;   {runtime_call counter_overflow Runtime1 stub}
  0x000001625e579414: ffe8 e622 

  0x000001625e579418: ; ImmutableOopMap {r8=Oop rbx=Oop r9=Oop [256]=Oop rax=Oop [248]=Oop }
                      ;*synchronization entry
                      ; - java.lang.Object::<init>@-1 (line 44)
                      ; - java.awt.EventQueue$4::<init>@16 (line 714)
                      ; - java.awt.EventQueue::dispatchEvent@12 (line 714)
  0x000001625e579418: 83ff e97e 

  0x000001625e57941c: ;   {metadata({method} {0x0000016271fb4058} 'getAccessControlContext' '()Ljava/security/AccessControlContext;' in 'java/awt/AWTEvent')}
  0x000001625e57941c: f5ff ff49 | ba50 40fb | 7162 0100 | 004c 8954 | 2408 48c7 | 0424 ffff 

  0x000001625e579434: ;   {runtime_call counter_overflow Runtime1 stub}
  0x000001625e579434: ffff e8c5 

  0x000001625e579438: ; ImmutableOopMap {[240]=Oop [248]=Oop [256]=Oop [264]=Oop rax=Oop }
                      ;*synchronization entry
                      ; - java.awt.AWTEvent::getAccessControlContext@-1 (line 127)
                      ; - java.awt.EventQueue::dispatchEvent@28 (line 740)
  0x000001625e579438: 2283 ffe9 | f3f5 ffff 

  0x000001625e579440: ;   {metadata({method} {0x0000016271b43ac8} 'doIntersectionPrivilege' '(Ljava/security/PrivilegedAction;Ljava/security/AccessControlContext;Ljava/security/AccessControlContext;)Ljava/lang/Object;' in 'java/security/ProtectionDomain$JavaSecurityAccessImpl')}
  0x000001625e579440: 49ba c03a | b471 6201 | 0000 4c89 | 5424 0848 | c704 24ff 

  0x000001625e579454: ;   {runtime_call counter_overflow Runtime1 stub}
  0x000001625e579454: ffff ffe8 

  0x000001625e579458: ; ImmutableOopMap {[248]=Oop [264]=Oop rbx=Oop }
                      ;*synchronization entry
                      ; - java.security.ProtectionDomain$JavaSecurityAccessImpl::doIntersectionPrivilege@-1 (line 82)
                      ; - java.awt.EventQueue::dispatchEvent@46 (line 742)
  0x000001625e579458: a422 83ff | e9b0 f6ff 

  0x000001625e579460: ;   {metadata({method} {0x0000016271839640} 'doPrivileged' '(Ljava/security/PrivilegedAction;Ljava/security/AccessControlContext;)Ljava/lang/Object;' in 'java/security/AccessController')}
  0x000001625e579460: ff49 ba38 | 9683 7162 | 0100 004c | 8954 2408 | 48c7 0424 | ffff ffff 

  0x000001625e579478: ;   {runtime_call counter_overflow Runtime1 stub}
  0x000001625e579478: e883 2283 

  0x000001625e57947c: ; ImmutableOopMap {[248]=Oop rax=Oop }
                      ;*synchronization entry
                      ; - java.security.AccessController::doPrivileged@-1 (line 397)
                      ; - java.security.ProtectionDomain$JavaSecurityAccessImpl::doIntersectionPrivilege@18 (line 86)
                      ; - java.awt.EventQueue::dispatchEvent@46 (line 742)
  0x000001625e57947c: ffe9 fcf6 

  0x000001625e579480: ;   {metadata({method} {0x000001627183a260} 'executePrivileged' '(Ljava/security/PrivilegedAction;Ljava/security/AccessControlContext;Ljava/lang/Class;)Ljava/lang/Object;' in 'java/security/AccessController')}
  0x000001625e579480: ffff 49ba | 58a2 8371 | 6201 0000 | 4c89 5424 | 0848 c704 | 24ff ffff 

  0x000001625e579498: ;   {runtime_call counter_overflow Runtime1 stub}
  0x000001625e579498: ffe8 6222 

  0x000001625e57949c: ; ImmutableOopMap {[248]=Oop [280]=Oop rax=Oop [288]=Oop }
                      ;*synchronization entry
                      ; - java.security.AccessController::executePrivileged@-1 (line 771)
                      ; - java.security.AccessController::doPrivileged@13 (line 399)
                      ; - java.security.ProtectionDomain$JavaSecurityAccessImpl::doIntersectionPrivilege@18 (line 86)
                      ; - java.awt.EventQueue::dispatchEvent@46 (line 742)
  0x000001625e57949c: 83ff e973 

  0x000001625e5794a0: ;   {metadata({method} {0x0000016272158028} 'run' '()Ljava/lang/Object;' in 'java/awt/EventQueue$4')}
  0x000001625e5794a0: f7ff ff49 | ba20 8015 | 7262 0100 | 004c 8954 | 2408 48c7 | 0424 ffff 

  0x000001625e5794b8: ;   {runtime_call counter_overflow Runtime1 stub}
  0x000001625e5794b8: ffff e841 

  0x000001625e5794bc: ; ImmutableOopMap {[248]=Oop [280]=Oop [288]=Oop }
                      ;*synchronization entry
                      ; - java.awt.EventQueue$4::run@-1 (line 714)
                      ; - java.security.AccessController::executePrivileged@29 (line 776)
                      ; - java.security.AccessController::doPrivileged@13 (line 399)
                      ; - java.security.ProtectionDomain$JavaSecurityAccessImpl::doIntersectionPrivilege@18 (line 86)
                      ; - java.awt.EventQueue::dispatchEvent@46 (line 742)
  0x000001625e5794bc: 2283 ffe9 | f2f7 ffff 

  0x000001625e5794c4: ;   {metadata({method} {0x000001627183fe98} 'reachabilityFence' '(Ljava/lang/Object;)V' in 'java/lang/ref/Reference')}
  0x000001625e5794c4: 49ba 90fe | 8371 6201 | 0000 4c89 | 5424 0848 | c704 24ff 

  0x000001625e5794d8: ;   {runtime_call counter_overflow Runtime1 stub}
  0x000001625e5794d8: ffff ffe8 

  0x000001625e5794dc: ; ImmutableOopMap {rax=Oop rdx=Oop }
                      ;*synchronization entry
                      ; - java.lang.ref.Reference::reachabilityFence@-1 (line 619)
                      ; - java.security.AccessController::executePrivileged@56 (line 781)
                      ; - java.security.AccessController::doPrivileged@13 (line 399)
                      ; - java.security.ProtectionDomain$JavaSecurityAccessImpl::doIntersectionPrivilege@18 (line 86)
                      ; - java.awt.EventQueue::dispatchEvent@46 (line 742)
  0x000001625e5794dc: 2022 83ff | e961 f8ff 

  0x000001625e5794e4: ;   {metadata({method} {0x000001627183fe98} 'reachabilityFence' '(Ljava/lang/Object;)V' in 'java/lang/ref/Reference')}
  0x000001625e5794e4: ff49 ba90 | fe83 7162 | 0100 004c | 8954 2408 | 48c7 0424 | ffff ffff 

  0x000001625e5794fc: ;   {runtime_call counter_overflow Runtime1 stub}
  0x000001625e5794fc: e8ff 2183 

  0x000001625e579500: ; ImmutableOopMap {rax=Oop }
                      ;*synchronization entry
                      ; - java.lang.ref.Reference::reachabilityFence@-1 (line 619)
                      ; - java.security.AccessController::executePrivileged@60 (line 782)
                      ; - java.security.AccessController::doPrivileged@13 (line 399)
                      ; - java.security.ProtectionDomain$JavaSecurityAccessImpl::doIntersectionPrivilege@18 (line 86)
                      ; - java.awt.EventQueue::dispatchEvent@46 (line 742)
  0x000001625e579500: ffe9 7af8 | ffff 488b 

  0x000001625e579508: ;   {runtime_call fast_new_instance Runtime1 stub}
  0x000001625e579508: d2e8 f2d9 

  0x000001625e57950c: ; ImmutableOopMap {r9=Oop [256]=Oop [264]=Oop rbx=Oop r11=Oop [248]=Oop }
                      ;*new {reexecute=0 rethrow=0 return_oop=0}
                      ; - java.awt.EventQueue::dispatchEvent@58 (line 744)
  0x000001625e57950c: 82ff e9c7 

  0x000001625e579510: ;   {metadata({method} {0x00000162726a0188} '<init>' '(Ljava/awt/EventQueue;Ljava/security/PrivilegedAction;Ljava/security/AccessControlContext;)V' in 'java/awt/EventQueue$5')}
  0x000001625e579510: f8ff ff49 | ba80 016a | 7262 0100 | 004c 8954 | 2408 48c7 | 0424 ffff 

  0x000001625e579528: ;   {runtime_call counter_overflow Runtime1 stub}
  0x000001625e579528: ffff e8d1 

  0x000001625e57952c: ; ImmutableOopMap {r9=Oop [264]=Oop rbx=Oop r11=Oop [248]=Oop rax=Oop }
                      ;*synchronization entry
                      ; - java.awt.EventQueue$5::<init>@-1 (line 745)
                      ; - java.awt.EventQueue::dispatchEvent@66 (line 744)
  0x000001625e57952c: 2183 ffe9 | e8f8 ffff | 8b50 0c48 | 83fa 000f | 84e9 f8ff | ff48 8914 

  0x000001625e579544: ;   {runtime_call g1_pre_barrier_slow}
  0x000001625e579544: 24e8 b627 | 83ff e9db | f8ff ff49 | 83fb 000f | 84ec f8ff | ff48 8904 

  0x000001625e57955c: ;   {runtime_call g1_post_barrier_slow}
  0x000001625e57955c: 24e8 9e2a | 83ff e9de | f8ff ff8b | 5010 4883 | fa00 0f84 | dff8 ffff | 4889 1424 

  0x000001625e579578: ;   {runtime_call g1_pre_barrier_slow}
  0x000001625e579578: e883 2783 | ffe9 d1f8 | ffff 4883 | fb00 0f84 | e2f8 ffff | 4889 0424 

  0x000001625e579590: ;   {runtime_call g1_post_barrier_slow}
  0x000001625e579590: e86b 2a83 | ffe9 d4f8 

  0x000001625e579598: ;   {metadata({method} {0x0000016271800528} '<init>' '()V' in 'java/lang/Object')}
  0x000001625e579598: ffff 49ba | 2005 8071 | 6201 0000 | 4c89 5424 | 0848 c704 | 24ff ffff 

  0x000001625e5795b0: ;   {runtime_call counter_overflow Runtime1 stub}
  0x000001625e5795b0: ffe8 4a21 

  0x000001625e5795b4: ; ImmutableOopMap {r9=Oop [264]=Oop rax=Oop }
                      ;*synchronization entry
                      ; - java.lang.Object::<init>@-1 (line 44)
                      ; - java.awt.EventQueue$5::<init>@11 (line 745)
                      ; - java.awt.EventQueue::dispatchEvent@66 (line 744)
  0x000001625e5795b4: 83ff e9f5 

  0x000001625e5795b8: ;   {metadata({method} {0x0000016271b43ac8} 'doIntersectionPrivilege' '(Ljava/security/PrivilegedAction;Ljava/security/AccessControlContext;Ljava/security/AccessControlContext;)Ljava/lang/Object;' in 'java/security/ProtectionDomain$JavaSecurityAccessImpl')}
  0x000001625e5795b8: f8ff ff49 | bac0 3ab4 | 7162 0100 | 004c 8954 | 2408 48c7 | 0424 ffff 

  0x000001625e5795d0: ;   {runtime_call counter_overflow Runtime1 stub}
  0x000001625e5795d0: ffff e829 

  0x000001625e5795d4: ; ImmutableOopMap {r9=Oop [264]=Oop rax=Oop }
                      ;*synchronization entry
                      ; - java.security.ProtectionDomain$JavaSecurityAccessImpl::doIntersectionPrivilege@-1 (line 82)
                      ; - java.awt.EventQueue::dispatchEvent@73 (line 744)
  0x000001625e5795d4: 2183 ffe9 | 2ef9 ffff 

  0x000001625e5795dc: ;   {metadata({method} {0x0000016271839640} 'doPrivileged' '(Ljava/security/PrivilegedAction;Ljava/security/AccessControlContext;)Ljava/lang/Object;' in 'java/security/AccessController')}
  0x000001625e5795dc: 49ba 3896 | 8371 6201 | 0000 4c89 | 5424 0848 | c704 24ff 

  0x000001625e5795f0: ;   {runtime_call counter_overflow Runtime1 stub}
  0x000001625e5795f0: ffff ffe8 

  0x000001625e5795f4: ; ImmutableOopMap {[296]=Oop rax=Oop }
                      ;*synchronization entry
                      ; - java.security.AccessController::doPrivileged@-1 (line 397)
                      ; - java.security.ProtectionDomain$JavaSecurityAccessImpl::doIntersectionPrivilege@18 (line 86)
                      ; - java.awt.EventQueue::dispatchEvent@73 (line 744)
  0x000001625e5795f4: 0821 83ff | e981 f9ff 

  0x000001625e5795fc: ;   {metadata({method} {0x000001627183a260} 'executePrivileged' '(Ljava/security/PrivilegedAction;Ljava/security/AccessControlContext;Ljava/lang/Class;)Ljava/lang/Object;' in 'java/security/AccessController')}
  0x000001625e5795fc: ff49 ba58 | a283 7162 | 0100 004c | 8954 2408 | 48c7 0424 | ffff ffff 

  0x000001625e579614: ;   {runtime_call counter_overflow Runtime1 stub}
  0x000001625e579614: e8e7 2083 

  0x000001625e579618: ; ImmutableOopMap {[296]=Oop [312]=Oop rax=Oop [320]=Oop }
                      ;*synchronization entry
                      ; - java.security.AccessController::executePrivileged@-1 (line 771)
                      ; - java.security.AccessController::doPrivileged@13 (line 399)
                      ; - java.security.ProtectionDomain$JavaSecurityAccessImpl::doIntersectionPrivilege@18 (line 86)
                      ; - java.awt.EventQueue::dispatchEvent@73 (line 744)
  0x000001625e579618: ffe9 f8f9 

  0x000001625e57961c: ;   {metadata({method} {0x00000162726a02d8} 'run' '()Ljava/lang/Object;' in 'java/awt/EventQueue$5')}
  0x000001625e57961c: ffff 49ba | d002 6a72 | 6201 0000 | 4c89 5424 | 0848 c704 | 24ff ffff 

  0x000001625e579634: ;   {runtime_call counter_overflow Runtime1 stub}
  0x000001625e579634: ffe8 c620 

  0x000001625e579638: ; ImmutableOopMap {[312]=Oop rax=Oop [320]=Oop }
                      ;*synchronization entry
                      ; - java.awt.EventQueue$5::run@-1 (line 745)
                      ; - java.security.AccessController::executePrivileged@29 (line 776)
                      ; - java.security.AccessController::doPrivileged@13 (line 399)
                      ; - java.security.ProtectionDomain$JavaSecurityAccessImpl::doIntersectionPrivilege@18 (line 86)
                      ; - java.awt.EventQueue::dispatchEvent@73 (line 744)
  0x000001625e579638: 83ff e97a 

  0x000001625e57963c: ;   {metadata({method} {0x00000162726a0238} 'run' '()Ljava/lang/Void;' in 'java/awt/EventQueue$5')}
  0x000001625e57963c: faff ff49 | ba30 026a | 7262 0100 | 004c 8954 | 2408 48c7 | 0424 ffff 

  0x000001625e579654: ;   {runtime_call counter_overflow Runtime1 stub}
  0x000001625e579654: ffff e8a5 

  0x000001625e579658: ; ImmutableOopMap {[312]=Oop rax=Oop [320]=Oop }
                      ;*synchronization entry
                      ; - java.awt.EventQueue$5::run@-1 (line 747)
                      ; - java.awt.EventQueue$5::run@1 (line 745)
                      ; - java.security.AccessController::executePrivileged@29 (line 776)
                      ; - java.security.AccessController::doPrivileged@13 (line 399)
                      ; - java.security.ProtectionDomain$JavaSecurityAccessImpl::doIntersectionPrivilege@18 (line 86)
                      ; - java.awt.EventQueue::dispatchEvent@73 (line 744)
  0x000001625e579658: 2083 ffe9 | a7fa ffff 

  0x000001625e579660: ;   {metadata({method} {0x0000016271b43b90} 'doIntersectionPrivilege' '(Ljava/security/PrivilegedAction;Ljava/security/AccessControlContext;)Ljava/lang/Object;' in 'java/security/ProtectionDomain$JavaSecurityAccessImpl')}
  0x000001625e579660: 49ba 883b | b471 6201 | 0000 4c89 | 5424 0848 | c704 24ff 

  0x000001625e579674: ;   {runtime_call counter_overflow Runtime1 stub}
  0x000001625e579674: ffff ffe8 

  0x000001625e579678: ; ImmutableOopMap {[312]=Oop [320]=Oop rdi=Oop rbx=Oop rax=Oop }
                      ;*synchronization entry
                      ; - java.security.ProtectionDomain$JavaSecurityAccessImpl::doIntersectionPrivilege@-1 (line 97)
                      ; - java.awt.EventQueue$5::run@11 (line 747)
                      ; - java.awt.EventQueue$5::run@1 (line 745)
                      ; - java.security.AccessController::executePrivileged@29 (line 776)
                      ; - java.security.AccessController::doPrivileged@13 (line 399)
                      ; - java.security.ProtectionDomain$JavaSecurityAccessImpl::doIntersectionPrivilege@18 (line 86)
                      ; - java.awt.EventQueue::dispatchEvent@73 (line 744)
  0x000001625e579678: 8420 83ff | e9e4 faff 

  0x000001625e579680: ;   {metadata({method} {0x000001627183fe98} 'reachabilityFence' '(Ljava/lang/Object;)V' in 'java/lang/ref/Reference')}
  0x000001625e579680: ff49 ba90 | fe83 7162 | 0100 004c | 8954 2408 | 48c7 0424 | ffff ffff 

  0x000001625e579698: ;   {runtime_call counter_overflow Runtime1 stub}
  0x000001625e579698: e863 2083 

  0x000001625e57969c: ; ImmutableOopMap {rax=Oop }
                      ;*synchronization entry
                      ; - java.lang.ref.Reference::reachabilityFence@-1 (line 619)
                      ; - java.security.AccessController::executePrivileged@56 (line 781)
                      ; - java.security.AccessController::doPrivileged@13 (line 399)
                      ; - java.security.ProtectionDomain$JavaSecurityAccessImpl::doIntersectionPrivilege@18 (line 86)
                      ; - java.awt.EventQueue::dispatchEvent@73 (line 744)
  0x000001625e57969c: ffe9 99fb 

  0x000001625e5796a0: ;   {metadata({method} {0x000001627183fe98} 'reachabilityFence' '(Ljava/lang/Object;)V' in 'java/lang/ref/Reference')}
  0x000001625e5796a0: ffff 49ba | 90fe 8371 | 6201 0000 | 4c89 5424 | 0848 c704 | 24ff ffff 

  0x000001625e5796b8: ;   {runtime_call counter_overflow Runtime1 stub}
  0x000001625e5796b8: ffe8 4220 

  0x000001625e5796bc: ; ImmutableOopMap {}
                      ;*synchronization entry
                      ; - java.lang.ref.Reference::reachabilityFence@-1 (line 619)
                      ; - java.security.AccessController::executePrivileged@60 (line 782)
                      ; - java.security.AccessController::doPrivileged@13 (line 399)
                      ; - java.security.ProtectionDomain$JavaSecurityAccessImpl::doIntersectionPrivilege@18 (line 86)
                      ; - java.awt.EventQueue::dispatchEvent@73 (line 744)
  0x000001625e5796bc: 83ff e9b2 

  0x000001625e5796c0: ;   {internal_word}
  0x000001625e5796c0: fbff ff49 | ba7d 9257 | 5e62 0100 | 004d 8997 | 5003 0000 

  0x000001625e5796d4: ;   {runtime_call SafepointBlob}
  0x000001625e5796d4: e927 9d78 

  0x000001625e5796d8: ;   {internal_word}
  0x000001625e5796d8: ff49 baa3 | 9257 5e62 | 0100 004d | 8997 5003 

  0x000001625e5796e8: ;   {runtime_call SafepointBlob}
  0x000001625e5796e8: 0000 e911 

  0x000001625e5796ec: ;   {metadata(NULL)}
  0x000001625e5796ec: 9d78 ff48 | ba00 0000 | 0000 0000 | 00b8 000f 

  0x000001625e5796fc: ;   {runtime_call load_klass_patching Runtime1 stub}
  0x000001625e5796fc: 050a e87d 

  0x000001625e579700: ; ImmutableOopMap {[264]=Oop [360]=Oop [248]=Oop [256]=Oop }
                      ;*new {reexecute=1 rethrow=0 return_oop=0}
                      ; - (reexecute) java.awt.AWTEvent::getAccessControlContext@7 (line 128)
                      ; - java.awt.EventQueue::dispatchEvent@28 (line 740)
  0x000001625e579700: 0f83 ffe9 | b8fb ffff 

  0x000001625e579708: ;   {runtime_call new_instance Runtime1 stub}
  0x000001625e579708: 488b d2e8 

  0x000001625e57970c: ; ImmutableOopMap {[264]=Oop [360]=Oop [256]=Oop [248]=Oop }
                      ;*new {reexecute=0 rethrow=0 return_oop=0}
                      ; - java.awt.AWTEvent::getAccessControlContext@7 (line 128)
                      ; - java.awt.EventQueue::dispatchEvent@28 (line 740)
  0x000001625e57970c: f0d4 82ff | e9ba fbff | ff90 9049 | 8b87 c803 | 0000 49c7 | 87c8 0300 | 0000 0000 | 0049 c787 
  0x000001625e57972c: d003 0000 | 0000 0000 | 4881 c480 | 0100 005d 

  0x000001625e57973c: ;   {runtime_call unwind_exception Runtime1 stub}
  0x000001625e57973c: e93f ef79 | fff4 f4f4 | f4f4 f4f4 | f4f4 f4f4 | f4f4 f4f4 | f4f4 f4f4 | f4f4 f4f4 | f4f4 f4f4 
  0x000001625e57975c: f4f4 f4f4 
[Stub Code]
  0x000001625e579760: ;   {no_reloc}
  0x000001625e579760: 0f1f 4400 

  0x000001625e579764: ;   {static_stub}
  0x000001625e579764: 0048 bb00 | 0000 0000 

  0x000001625e57976c: ;   {runtime_call}
  0x000001625e57976c: 0000 00e9 | fbff ffff 

  0x000001625e579774: ;   {static_stub}
  0x000001625e579774: 9048 bb38 | aef5 7162 

  0x000001625e57977c: ;   {runtime_call I2C/C2I adapters}
  0x000001625e57977c: 0100 00e9 | cc7f 78ff 

  0x000001625e579784: ;   {static_stub}
  0x000001625e579784: 9048 bb00 | 0000 0000 

  0x000001625e57978c: ;   {runtime_call}
  0x000001625e57978c: 0000 00e9 | fbff ffff 

  0x000001625e579794: ;   {static_stub}
  0x000001625e579794: 9048 bb00 | 0000 0000 

  0x000001625e57979c: ;   {runtime_call}
  0x000001625e57979c: 0000 00e9 | fbff ffff 

  0x000001625e5797a4: ;   {static_stub}
  0x000001625e5797a4: 9048 bb00 | 0000 0000 

  0x000001625e5797ac: ;   {runtime_call}
  0x000001625e5797ac: 0000 00e9 | fbff ffff 

  0x000001625e5797b4: ;   {static_stub}
  0x000001625e5797b4: 9048 bb00 | 0000 0000 

  0x000001625e5797bc: ;   {runtime_call}
  0x000001625e5797bc: 0000 00e9 | fbff ffff 

  0x000001625e5797c4: ;   {static_stub}
  0x000001625e5797c4: 9048 bb80 | 7f15 7262 

  0x000001625e5797cc: ;   {runtime_call I2C/C2I adapters}
  0x000001625e5797cc: 0100 00e9 | 7c7f 78ff 

  0x000001625e5797d4: ;   {static_stub}
  0x000001625e5797d4: 9048 bb00 | 0000 0000 

  0x000001625e5797dc: ;   {runtime_call}
  0x000001625e5797dc: 0000 00e9 | fbff ffff 

  0x000001625e5797e4: ;   {static_stub}
  0x000001625e5797e4: 9048 bb00 | 0000 0000 

  0x000001625e5797ec: ;   {runtime_call}
  0x000001625e5797ec: 0000 00e9 | fbff ffff 

  0x000001625e5797f4: ;   {static_stub}
  0x000001625e5797f4: 9048 bb00 | 0000 0000 

  0x000001625e5797fc: ;   {runtime_call}
  0x000001625e5797fc: 0000 00e9 | fbff ffff 

  0x000001625e579804: ;   {static_stub}
  0x000001625e579804: 9048 bb00 | 0000 0000 

  0x000001625e57980c: ;   {runtime_call}
  0x000001625e57980c: 0000 00e9 | fbff ffff 

  0x000001625e579814: ;   {static_stub}
  0x000001625e579814: 9048 bb00 | 0000 0000 

  0x000001625e57981c: ;   {runtime_call}
  0x000001625e57981c: 0000 00e9 | fbff ffff 

  0x000001625e579824: ;   {static_stub}
  0x000001625e579824: 9048 bb00 | 0000 0000 

  0x000001625e57982c: ;   {runtime_call}
  0x000001625e57982c: 0000 00e9 | fbff ffff 

  0x000001625e579834: ;   {static_stub}
  0x000001625e579834: 9048 bb00 | 0000 0000 

  0x000001625e57983c: ;   {runtime_call}
  0x000001625e57983c: 0000 00e9 | fbff ffff 
[Exception Handler]
  0x000001625e579844: ;   {runtime_call handle_exception_from_callee Runtime1 stub}
  0x000001625e579844: e8b7 eb82 

  0x000001625e579848: ;   {external_word}
  0x000001625e579848: ff48 b950 | b7b6 26fd | 7f00 0048 

  0x000001625e579854: ;   {runtime_call}
  0x000001625e579854: 83e4 f049 | baf0 057f | 26fd 7f00 | 0041 ffd2 

  0x000001625e579864: ;   {section_word}
  0x000001625e579864: f449 ba65 | 9857 5e62 | 0100 0041 

  0x000001625e579870: ;   {runtime_call DeoptimizationBlob}
  0x000001625e579870: 52e9 2a8e | 78ff f4f4 
[/MachCode]


---------------  P R O C E S S  ---------------

Threads class SMR info:
_java_thread_list=0x00000162773c1ed0, length=20, elements={
0x000001627169f150, 0x00000162716a2930, 0x00000162716db950, 0x00000162716dd1b0,
0x00000162716ddb50, 0x00000162716e2bb0, 0x00000162716e7460, 0x00000162716f81d0,
0x0000016275952830, 0x0000016275a75030, 0x0000016275a73cf0, 0x0000016275a73820,
0x0000016275a759d0, 0x0000016275a76370, 0x0000016275a76840, 0x0000016275a76d10,
0x0000016275a73350, 0x0000016275a75ea0, 0x0000016275a741c0, 0x00000162761aebc0
}

Java Threads: ( => current thread )
  0x000001627169f150 JavaThread "Reference Handler" daemon [_thread_blocked, id=872, stack(0x0000003b24e00000,0x0000003b24f00000)]
  0x00000162716a2930 JavaThread "Finalizer" daemon [_thread_blocked, id=5864, stack(0x0000003b24f00000,0x0000003b25000000)]
  0x00000162716db950 JavaThread "Signal Dispatcher" daemon [_thread_blocked, id=5964, stack(0x0000003b25000000,0x0000003b25100000)]
  0x00000162716dd1b0 JavaThread "Attach Listener" daemon [_thread_blocked, id=8320, stack(0x0000003b25100000,0x0000003b25200000)]
  0x00000162716ddb50 JavaThread "Service Thread" daemon [_thread_blocked, id=7424, stack(0x0000003b25200000,0x0000003b25300000)]
  0x00000162716e2bb0 JavaThread "Monitor Deflation Thread" daemon [_thread_blocked, id=4068, stack(0x0000003b25300000,0x0000003b25400000)]
  0x00000162716e7460 JavaThread "C2 CompilerThread0" daemon [_thread_blocked, id=6252, stack(0x0000003b25400000,0x0000003b25500000)]
  0x00000162716f81d0 JavaThread "C1 CompilerThread0" daemon [_thread_blocked, id=8684, stack(0x0000003b25500000,0x0000003b25600000)]
  0x0000016275952830 JavaThread "Sweeper thread" daemon [_thread_blocked, id=5476, stack(0x0000003b25600000,0x0000003b25700000)]
  0x0000016275a75030 JavaThread "Common-Cleaner" daemon [_thread_blocked, id=7212, stack(0x0000003b25700000,0x0000003b25800000)]
  0x0000016275a73cf0 JavaThread "Notification Thread" daemon [_thread_blocked, id=5312, stack(0x0000003b25900000,0x0000003b25a00000)]
  0x0000016275a73820 JavaThread "Java2D Disposer" daemon [_thread_blocked, id=4428, stack(0x0000003b25b00000,0x0000003b25c00000)]
  0x0000016275a759d0 JavaThread "AWT-Shutdown" [_thread_blocked, id=4504, stack(0x0000003b25c00000,0x0000003b25d00000)]
  0x0000016275a76370 JavaThread "AWT-Windows" daemon [_thread_in_native, id=5140, stack(0x0000003b25d00000,0x0000003b25e00000)]
=>0x0000016275a76840 JavaThread "AWT-EventQueue-0" [_thread_in_native, id=4232, stack(0x0000003b25e00000,0x0000003b25f00000)]
  0x0000016275a76d10 JavaThread "DestroyJavaVM" [_thread_blocked, id=6996, stack(0x0000003b24700000,0x0000003b24800000)]
  0x0000016275a73350 JavaThread "Image Fetcher 0" daemon [_thread_blocked, id=6356, stack(0x0000003b26000000,0x0000003b26100000)]
  0x0000016275a75ea0 JavaThread "Thread-2" [_thread_in_native, id=7740, stack(0x0000003b26100000,0x0000003b26200000)]
  0x0000016275a741c0 JavaThread "Image Fetcher 1" daemon [_thread_blocked, id=2444, stack(0x0000003b25f00000,0x0000003b26000000)]
  0x00000162761aebc0 JavaThread "Thread-3" [_thread_in_native, id=2460, stack(0x0000003b26800000,0x0000003b26900000)]

Other Threads:
  0x0000016271630dd0 VMThread "VM Thread" [stack: 0x0000003b24d00000,0x0000003b24e00000] [id=4460]
  0x0000016275bf3630 WatcherThread "VM Periodic Task Thread" [stack: 0x0000003b25a00000,0x0000003b25b00000] [id=7216]
  0x000001625a6101a0 WorkerThread "GC Thread#0" [stack: 0x0000003b24800000,0x0000003b24900000] [id=2476]
  0x00000162762c2e70 WorkerThread "GC Thread#1" [stack: 0x0000003b26300000,0x0000003b26400000] [id=5860]
  0x0000016276262f40 WorkerThread "GC Thread#2" [stack: 0x0000003b26400000,0x0000003b26500000] [id=4728]
  0x00000162762631e0 WorkerThread "GC Thread#3" [stack: 0x0000003b26500000,0x0000003b26600000] [id=2728]
  0x000001625a6195f0 ConcurrentGCThread "G1 Main Marker" [stack: 0x0000003b24900000,0x0000003b24a00000] [id=4024]
  0x000001625a619fe0 WorkerThread "G1 Conc#0" [stack: 0x0000003b24a00000,0x0000003b24b00000] [id=7180]
  0x000001625a643800 ConcurrentGCThread "G1 Refine#0" [stack: 0x0000003b24b00000,0x0000003b24c00000] [id=4992]
  0x0000016276263850 ConcurrentGCThread "G1 Refine#1" [stack: 0x0000003b26600000,0x0000003b26700000] [id=5824]
  0x0000016276263ef0 ConcurrentGCThread "G1 Refine#2" [stack: 0x0000003b26700000,0x0000003b26800000] [id=8496]
  0x000001625a644110 ConcurrentGCThread "G1 Service" [stack: 0x0000003b24c00000,0x0000003b24d00000] [id=6688]

Threads with active compile tasks:

VM state: not at safepoint (normal execution)

VM Mutex/Monitor currently owned by a thread: None

Heap address: 0x00000000c1400000, size: 1004 MB, Compressed Oops mode: 32-bit

CDS archive(s) not mapped
Compressed class space mapped at: 0x0000000100000000-0x0000000140000000, reserved size: 1073741824
Narrow klass base: 0x0000000000000000, Narrow klass shift: 3, Narrow klass range: 0x140000000

GC Precious Log:
 CardTable entry size: 512
 Card Set container configuration: InlinePtr #cards 5 size 8 Array Of Cards #cards 12 size 40 Howl #buckets 4 coarsen threshold 1843 Howl Bitmap #cards 512 size 80 coarsen threshold 460 Card regions per heap region 1 cards per card region 2048
 CPUs: 4 total, 4 available
 Memory: 4012M
 Large Page Support: Disabled
 NUMA Support: Disabled
 Compressed Oops: Enabled (32-bit)
 Heap Region Size: 1M
 Heap Min Capacity: 8M
 Heap Initial Capacity: 64M
 Heap Max Capacity: 1004M
 Pre-touch: Disabled
 Parallel Workers: 4
 Concurrent Workers: 1
 Concurrent Refinement Workers: 4
 Periodic GC: Disabled

Heap:
 garbage-first heap   total 65536K, used 10166K [0x00000000c1400000, 0x0000000100000000)
  region size 1024K, 4 young (4096K), 2 survivors (2048K)
 Metaspace       used 18858K, committed 19072K, reserved 1114112K
  class space    used 1828K, committed 1920K, reserved 1048576K

Heap Regions: E=young(eden), S=young(survivor), O=old, HS=humongous(starts), HC=humongous(continues), CS=collection set, F=free, OA=open archive, CA=closed archive, TAMS=top-at-mark-start (previous, next)
|   0|0x00000000c1400000, 0x00000000c1500000, 0x00000000c1500000|100%| O|  |TAMS 0x00000000c1400000, 0x00000000c1400000| Untracked 
|   1|0x00000000c1500000, 0x00000000c1600000, 0x00000000c1600000|100%| O|  |TAMS 0x00000000c1500000, 0x00000000c1500000| Untracked 
|   2|0x00000000c1600000, 0x00000000c1700000, 0x00000000c1700000|100%|HS|  |TAMS 0x00000000c1600000, 0x00000000c1600000| Complete 
|   3|0x00000000c1700000, 0x00000000c1800000, 0x00000000c1800000|100%|HC|  |TAMS 0x00000000c1700000, 0x00000000c1700000| Complete 
|   4|0x00000000c1800000, 0x00000000c1900000, 0x00000000c1900000|100%|HC|  |TAMS 0x00000000c1800000, 0x00000000c1800000| Complete 
|   5|0x00000000c1900000, 0x00000000c1a00000, 0x00000000c1a00000|100%|HC|  |TAMS 0x00000000c1900000, 0x00000000c1900000| Complete 
|   6|0x00000000c1a00000, 0x00000000c1b00000, 0x00000000c1b00000|100%| O|  |TAMS 0x00000000c1a00000, 0x00000000c1a00000| Untracked 
|   7|0x00000000c1b00000, 0x00000000c1ba9600, 0x00000000c1c00000| 66%| O|  |TAMS 0x00000000c1b00000, 0x00000000c1b00000| Untracked 
|   8|0x00000000c1c00000, 0x00000000c1c00000, 0x00000000c1d00000|  0%| F|  |TAMS 0x00000000c1c00000, 0x00000000c1c00000| Untracked 
|   9|0x00000000c1d00000, 0x00000000c1d00000, 0x00000000c1e00000|  0%| F|  |TAMS 0x00000000c1d00000, 0x00000000c1d00000| Untracked 
|  10|0x00000000c1e00000, 0x00000000c1e00000, 0x00000000c1f00000|  0%| F|  |TAMS 0x00000000c1e00000, 0x00000000c1e00000| Untracked 
|  11|0x00000000c1f00000, 0x00000000c1f00000, 0x00000000c2000000|  0%| F|  |TAMS 0x00000000c1f00000, 0x00000000c1f00000| Untracked 
|  12|0x00000000c2000000, 0x00000000c2000000, 0x00000000c2100000|  0%| F|  |TAMS 0x00000000c2000000, 0x00000000c2000000| Untracked 
|  13|0x00000000c2100000, 0x00000000c2100000, 0x00000000c2200000|  0%| F|  |TAMS 0x00000000c2100000, 0x00000000c2100000| Untracked 
|  14|0x00000000c2200000, 0x00000000c2200000, 0x00000000c2300000|  0%| F|  |TAMS 0x00000000c2200000, 0x00000000c2200000| Untracked 
|  15|0x00000000c2300000, 0x00000000c2300000, 0x00000000c2400000|  0%| F|  |TAMS 0x00000000c2300000, 0x00000000c2300000| Untracked 
|  16|0x00000000c2400000, 0x00000000c2400000, 0x00000000c2500000|  0%| F|  |TAMS 0x00000000c2400000, 0x00000000c2400000| Untracked 
|  17|0x00000000c2500000, 0x00000000c2500000, 0x00000000c2600000|  0%| F|  |TAMS 0x00000000c2500000, 0x00000000c2500000| Untracked 
|  18|0x00000000c2600000, 0x00000000c2600000, 0x00000000c2700000|  0%| F|  |TAMS 0x00000000c2600000, 0x00000000c2600000| Untracked 
|  19|0x00000000c2700000, 0x00000000c2700000, 0x00000000c2800000|  0%| F|  |TAMS 0x00000000c2700000, 0x00000000c2700000| Untracked 
|  20|0x00000000c2800000, 0x00000000c2800000, 0x00000000c2900000|  0%| F|  |TAMS 0x00000000c2800000, 0x00000000c2800000| Untracked 
|  21|0x00000000c2900000, 0x00000000c2900000, 0x00000000c2a00000|  0%| F|  |TAMS 0x00000000c2900000, 0x00000000c2900000| Untracked 
|  22|0x00000000c2a00000, 0x00000000c2a00000, 0x00000000c2b00000|  0%| F|  |TAMS 0x00000000c2a00000, 0x00000000c2a00000| Untracked 
|  23|0x00000000c2b00000, 0x00000000c2b00000, 0x00000000c2c00000|  0%| F|  |TAMS 0x00000000c2b00000, 0x00000000c2b00000| Untracked 
|  24|0x00000000c2c00000, 0x00000000c2c00000, 0x00000000c2d00000|  0%| F|  |TAMS 0x00000000c2c00000, 0x00000000c2c00000| Untracked 
|  25|0x00000000c2d00000, 0x00000000c2d00000, 0x00000000c2e00000|  0%| F|  |TAMS 0x00000000c2d00000, 0x00000000c2d00000| Untracked 
|  26|0x00000000c2e00000, 0x00000000c2e00000, 0x00000000c2f00000|  0%| F|  |TAMS 0x00000000c2e00000, 0x00000000c2e00000| Untracked 
|  27|0x00000000c2f00000, 0x00000000c2f00000, 0x00000000c3000000|  0%| F|  |TAMS 0x00000000c2f00000, 0x00000000c2f00000| Untracked 
|  28|0x00000000c3000000, 0x00000000c3000000, 0x00000000c3100000|  0%| F|  |TAMS 0x00000000c3000000, 0x00000000c3000000| Untracked 
|  29|0x00000000c3100000, 0x00000000c3100000, 0x00000000c3200000|  0%| F|  |TAMS 0x00000000c3100000, 0x00000000c3100000| Untracked 
|  30|0x00000000c3200000, 0x00000000c3200000, 0x00000000c3300000|  0%| F|  |TAMS 0x00000000c3200000, 0x00000000c3200000| Untracked 
|  31|0x00000000c3300000, 0x00000000c3300000, 0x00000000c3400000|  0%| F|  |TAMS 0x00000000c3300000, 0x00000000c3300000| Untracked 
|  32|0x00000000c3400000, 0x00000000c3400000, 0x00000000c3500000|  0%| F|  |TAMS 0x00000000c3400000, 0x00000000c3400000| Untracked 
|  33|0x00000000c3500000, 0x00000000c3500000, 0x00000000c3600000|  0%| F|  |TAMS 0x00000000c3500000, 0x00000000c3500000| Untracked 
|  34|0x00000000c3600000, 0x00000000c3600000, 0x00000000c3700000|  0%| F|  |TAMS 0x00000000c3600000, 0x00000000c3600000| Untracked 
|  35|0x00000000c3700000, 0x00000000c3700000, 0x00000000c3800000|  0%| F|  |TAMS 0x00000000c3700000, 0x00000000c3700000| Untracked 
|  36|0x00000000c3800000, 0x00000000c3800000, 0x00000000c3900000|  0%| F|  |TAMS 0x00000000c3800000, 0x00000000c3800000| Untracked 
|  37|0x00000000c3900000, 0x00000000c3900000, 0x00000000c3a00000|  0%| F|  |TAMS 0x00000000c3900000, 0x00000000c3900000| Untracked 
|  38|0x00000000c3a00000, 0x00000000c3a00000, 0x00000000c3b00000|  0%| F|  |TAMS 0x00000000c3a00000, 0x00000000c3a00000| Untracked 
|  39|0x00000000c3b00000, 0x00000000c3b00000, 0x00000000c3c00000|  0%| F|  |TAMS 0x00000000c3b00000, 0x00000000c3b00000| Untracked 
|  40|0x00000000c3c00000, 0x00000000c3c00000, 0x00000000c3d00000|  0%| F|  |TAMS 0x00000000c3c00000, 0x00000000c3c00000| Untracked 
|  41|0x00000000c3d00000, 0x00000000c3d00000, 0x00000000c3e00000|  0%| F|  |TAMS 0x00000000c3d00000, 0x00000000c3d00000| Untracked 
|  42|0x00000000c3e00000, 0x00000000c3e00000, 0x00000000c3f00000|  0%| F|  |TAMS 0x00000000c3e00000, 0x00000000c3e00000| Untracked 
|  43|0x00000000c3f00000, 0x00000000c3f00000, 0x00000000c4000000|  0%| F|  |TAMS 0x00000000c3f00000, 0x00000000c3f00000| Untracked 
|  44|0x00000000c4000000, 0x00000000c4000000, 0x00000000c4100000|  0%| F|  |TAMS 0x00000000c4000000, 0x00000000c4000000| Untracked 
|  45|0x00000000c4100000, 0x00000000c4100000, 0x00000000c4200000|  0%| F|  |TAMS 0x00000000c4100000, 0x00000000c4100000| Untracked 
|  46|0x00000000c4200000, 0x00000000c4200000, 0x00000000c4300000|  0%| F|  |TAMS 0x00000000c4200000, 0x00000000c4200000| Untracked 
|  47|0x00000000c4300000, 0x00000000c4300000, 0x00000000c4400000|  0%| F|  |TAMS 0x00000000c4300000, 0x00000000c4300000| Untracked 
|  48|0x00000000c4400000, 0x00000000c4400000, 0x00000000c4500000|  0%| F|  |TAMS 0x00000000c4400000, 0x00000000c4400000| Untracked 
|  49|0x00000000c4500000, 0x00000000c4500000, 0x00000000c4600000|  0%| F|  |TAMS 0x00000000c4500000, 0x00000000c4500000| Untracked 
|  50|0x00000000c4600000, 0x00000000c4600000, 0x00000000c4700000|  0%| F|  |TAMS 0x00000000c4600000, 0x00000000c4600000| Untracked 
|  51|0x00000000c4700000, 0x00000000c4700000, 0x00000000c4800000|  0%| F|  |TAMS 0x00000000c4700000, 0x00000000c4700000| Untracked 
|  52|0x00000000c4800000, 0x00000000c4800000, 0x00000000c4900000|  0%| F|  |TAMS 0x00000000c4800000, 0x00000000c4800000| Untracked 
|  53|0x00000000c4900000, 0x00000000c4900000, 0x00000000c4a00000|  0%| F|  |TAMS 0x00000000c4900000, 0x00000000c4900000| Untracked 
|  54|0x00000000c4a00000, 0x00000000c4a00000, 0x00000000c4b00000|  0%| F|  |TAMS 0x00000000c4a00000, 0x00000000c4a00000| Untracked 
|  55|0x00000000c4b00000, 0x00000000c4b44328, 0x00000000c4c00000| 26%| S|CS|TAMS 0x00000000c4b00000, 0x00000000c4b00000| Complete 
|  56|0x00000000c4c00000, 0x00000000c4d00000, 0x00000000c4d00000|100%| S|CS|TAMS 0x00000000c4c00000, 0x00000000c4c00000| Complete 
|  57|0x00000000c4d00000, 0x00000000c4d00000, 0x00000000c4e00000|  0%| F|  |TAMS 0x00000000c4d00000, 0x00000000c4d00000| Untracked 
|  58|0x00000000c4e00000, 0x00000000c4e00000, 0x00000000c4f00000|  0%| F|  |TAMS 0x00000000c4e00000, 0x00000000c4e00000| Untracked 
|  59|0x00000000c4f00000, 0x00000000c4f00000, 0x00000000c5000000|  0%| F|  |TAMS 0x00000000c4f00000, 0x00000000c4f00000| Untracked 
|  60|0x00000000c5000000, 0x00000000c5000000, 0x00000000c5100000|  0%| F|  |TAMS 0x00000000c5000000, 0x00000000c5000000| Untracked 
|  61|0x00000000c5100000, 0x00000000c5100000, 0x00000000c5200000|  0%| F|  |TAMS 0x00000000c5100000, 0x00000000c5100000| Untracked 
|  62|0x00000000c5200000, 0x00000000c52c4bb8, 0x00000000c5300000| 76%| E|  |TAMS 0x00000000c5200000, 0x00000000c5200000| Complete 
|  63|0x00000000c5300000, 0x00000000c5400000, 0x00000000c5400000|100%| E|CS|TAMS 0x00000000c5300000, 0x00000000c5300000| Complete 

Card table byte_map: [0x000001626ceb0000,0x000001626d0b0000] _byte_map_base: 0x000001626c8a6000

Marking Bits (Prev, Next): (CMBitMap*) 0x000001625a6107a0, (CMBitMap*) 0x000001625a6107e0
 Prev Bits: [0x000001626d2b0000, 0x000001626e260000)
 Next Bits: [0x000001626e260000, 0x000001626f210000)

Polling page: 0x00000162584a0000

Metaspace:

Usage:
  Non-class:     16.63 MB used.
      Class:      1.79 MB used.
       Both:     18.42 MB used.

Virtual space:
  Non-class space:       64.00 MB reserved,      16.75 MB ( 26%) committed,  1 nodes.
      Class space:        1.00 GB reserved,       1.88 MB ( <1%) committed,  1 nodes.
             Both:        1.06 GB reserved,      18.62 MB (  2%) committed. 

Chunk freelists:
   Non-Class:  2.97 MB
       Class:  2.10 MB
        Both:  5.07 MB

MaxMetaspaceSize: unlimited
CompressedClassSpaceSize: 1.00 GB
Initial GC threshold: 21.00 MB
Current GC threshold: 21.00 MB
CDS: off
MetaspaceReclaimPolicy: balanced
 - commit_granule_bytes: 65536.
 - commit_granule_words: 8192.
 - virtual_space_node_default_size: 8388608.
 - enlarge_chunks_in_place: 1.
 - new_chunks_are_fully_committed: 0.
 - uncommit_free_chunks: 1.
 - use_allocation_guard: 0.


Internal statistics:

num_allocs_failed_limit: 0.
num_arena_births: 148.
num_arena_deaths: 0.
num_vsnodes_births: 2.
num_vsnodes_deaths: 0.
num_space_committed: 298.
num_space_uncommitted: 0.
num_chunks_returned_to_freelist: 0.
num_chunks_taken_from_freelist: 244.
num_chunk_merges: 0.
num_chunk_splits: 128.
num_chunks_enlarged: 61.
num_inconsistent_stats: 0.

CodeHeap 'non-profiled nmethods': size=120000Kb used=551Kb max_used=551Kb free=119448Kb
 bounds [0x0000016265780000, 0x00000162659f0000, 0x000001626ccb0000]
CodeHeap 'profiled nmethods': size=120000Kb used=3418Kb max_used=3418Kb free=116581Kb
 bounds [0x000001625e250000, 0x000001625e5b0000, 0x0000016265780000]
CodeHeap 'non-nmethods': size=5760Kb used=1324Kb max_used=1350Kb free=4435Kb
 bounds [0x000001625dcb0000, 0x000001625df20000, 0x000001625e250000]
 total_blobs=2592 nmethods=1939 adapters=565
 compilation: enabled
              stopped_count=0, restarted_count=0
 full_count=0

Compilation events (20 events):
Event: 2.332 Thread 0x00000162716f81d0 1918       3       java.lang.Integer::parseInt (285 bytes)
Event: 2.334 Thread 0x00000162716f81d0 nmethod 1918 0x000001625e59b890 code [0x000001625e59bca0, 0x000001625e59d558]
Event: 2.334 Thread 0x00000162716f81d0 1920       3       jdk.internal.ref.CleanerImpl$PhantomCleanableRef::<init> (12 bytes)
Event: 2.334 Thread 0x00000162716f81d0 nmethod 1920 0x000001625e59de90 code [0x000001625e59e040, 0x000001625e59e1e8]
Event: 2.334 Thread 0x00000162716f81d0 1919       3       java.util.Objects::checkFromToIndex (8 bytes)
Event: 2.334 Thread 0x00000162716f81d0 nmethod 1919 0x000001625e59e290 code [0x000001625e59e440, 0x000001625e59e688]
Event: 2.335 Thread 0x00000162716e7460 nmethod 1916 0x0000016265808f90 code [0x0000016265809100, 0x0000016265809318]
Event: 2.337 Thread 0x00000162716f81d0 1921       3       java.util.zip.Inflater::ensureOpen (47 bytes)
Event: 2.338 Thread 0x00000162716f81d0 nmethod 1921 0x000001625e59e790 code [0x000001625e59e940, 0x000001625e59eba8]
Event: 2.355 Thread 0x00000162716f81d0 1922       3       java.awt.event.InvocationEvent::<init> (47 bytes)
Event: 2.356 Thread 0x00000162716f81d0 nmethod 1922 0x000001625e59ec90 code [0x000001625e59ee40, 0x000001625e59f168]
Event: 2.391 Thread 0x00000162716f81d0 1923       3       java.util.Locale::getDefault (63 bytes)
Event: 2.392 Thread 0x00000162716f81d0 nmethod 1923 0x000001625e59f210 code [0x000001625e59f440, 0x000001625e59fc08]
Event: 2.393 Thread 0x00000162716f81d0 1924       3       java.util.concurrent.locks.AbstractQueuedSynchronizer$ConditionObject::signalAll (34 bytes)
Event: 2.394 Thread 0x00000162716f81d0 nmethod 1924 0x000001625e59fe10 code [0x000001625e59ffe0, 0x000001625e5a0328]
Event: 2.405 Thread 0x00000162716e7460 1925       4       java.lang.StringLatin1::lastIndexOf (125 bytes)
Event: 2.408 Thread 0x00000162716f81d0 1926       3       java.io.WinNTFileSystem::normalize (143 bytes)
Event: 2.409 Thread 0x00000162716f81d0 nmethod 1926 0x000001625e5a0490 code [0x000001625e5a0700, 0x000001625e5a11f8]
Event: 2.409 Thread 0x00000162716f81d0 1927       1       jdk.internal.loader.URLClassPath$Loader::getBaseURL (5 bytes)
Event: 2.409 Thread 0x00000162716f81d0 nmethod 1927 0x0000016265809410 code [0x00000162658095a0, 0x0000016265809678]

GC Heap History (4 events):
Event: 0.976 GC heap before
{Heap before GC invocations=0 (full 0):
 garbage-first heap   total 65536K, used 13312K [0x00000000c1400000, 0x0000000100000000)
  region size 1024K, 13 young (13312K), 0 survivors (0K)
 Metaspace       used 16304K, committed 16576K, reserved 1114112K
  class space    used 1591K, committed 1728K, reserved 1048576K
}
Event: 0.982 GC heap after
{Heap after GC invocations=1 (full 0):
 garbage-first heap   total 65536K, used 3723K [0x00000000c1400000, 0x0000000100000000)
  region size 1024K, 2 young (2048K), 2 survivors (2048K)
 Metaspace       used 16304K, committed 16576K, reserved 1114112K
  class space    used 1591K, committed 1728K, reserved 1048576K
}
Event: 1.710 GC heap before
{Heap before GC invocations=1 (full 0):
 garbage-first heap   total 65536K, used 13963K [0x00000000c1400000, 0x0000000100000000)
  region size 1024K, 9 young (9216K), 2 survivors (2048K)
 Metaspace       used 17806K, committed 18048K, reserved 1114112K
  class space    used 1722K, committed 1856K, reserved 1048576K
}
Event: 1.716 GC heap after
{Heap after GC invocations=2 (full 0):
 garbage-first heap   total 65536K, used 9142K [0x00000000c1400000, 0x0000000100000000)
  region size 1024K, 2 young (2048K), 2 survivors (2048K)
 Metaspace       used 17806K, committed 18048K, reserved 1114112K
  class space    used 1722K, committed 1856K, reserved 1048576K
}

Deoptimization events (20 events):
Event: 1.108 Thread 0x0000016275a76840 Uncommon trap: trap_request=0xffffff45 fr.pc=0x00000162657ccb60 relative=0x0000000000000be0
Event: 1.108 Thread 0x0000016275a76840 Uncommon trap: reason=unstable_if action=reinterpret pc=0x00000162657ccb60 method=java.util.concurrent.ConcurrentHashMap.putVal(Ljava/lang/Object;Ljava/lang/Object;Z)Ljava/lang/Object; @ 219 c2
Event: 1.108 Thread 0x0000016275a76840 DEOPT PACKING pc=0x00000162657ccb60 sp=0x0000003b25efdfc0
Event: 1.108 Thread 0x0000016275a76840 DEOPT UNPACKING pc=0x000001625dd023a3 sp=0x0000003b25efdf30 mode 2
Event: 1.288 Thread 0x0000016275a75ea0 DEOPT PACKING pc=0x000001625e4f82a9 sp=0x0000003b261ff030
Event: 1.288 Thread 0x0000016275a75ea0 DEOPT UNPACKING pc=0x000001625dd02b43 sp=0x0000003b261fe488 mode 3
Event: 1.288 Thread 0x0000016275a75ea0 DEOPT PACKING pc=0x000001625e4d6c62 sp=0x0000003b261feec0
Event: 1.288 Thread 0x0000016275a75ea0 DEOPT UNPACKING pc=0x000001625dd02b43 sp=0x0000003b261fe358 mode 3
Event: 2.195 Thread 0x0000016275a76840 Uncommon trap: trap_request=0xffffffde fr.pc=0x00000162657be4a8 relative=0x00000000000002e8
Event: 2.195 Thread 0x0000016275a76840 Uncommon trap: reason=class_check action=maybe_recompile pc=0x00000162657be4a8 method=java.util.HashMap.getNode(Ljava/lang/Object;)Ljava/util/HashMap$Node; @ 128 c2
Event: 2.195 Thread 0x0000016275a76840 DEOPT PACKING pc=0x00000162657be4a8 sp=0x0000003b25efe2d0
Event: 2.195 Thread 0x0000016275a76840 DEOPT UNPACKING pc=0x000001625dd023a3 sp=0x0000003b25efe1d8 mode 2
Event: 2.195 Thread 0x0000016275a76840 Uncommon trap: trap_request=0xffffffde fr.pc=0x00000162657be4a8 relative=0x00000000000002e8
Event: 2.195 Thread 0x0000016275a76840 Uncommon trap: reason=class_check action=maybe_recompile pc=0x00000162657be4a8 method=java.util.HashMap.getNode(Ljava/lang/Object;)Ljava/util/HashMap$Node; @ 128 c2
Event: 2.195 Thread 0x0000016275a76840 DEOPT PACKING pc=0x00000162657be4a8 sp=0x0000003b25efe2d0
Event: 2.195 Thread 0x0000016275a76840 DEOPT UNPACKING pc=0x000001625dd023a3 sp=0x0000003b25efe1d8 mode 2
Event: 2.331 Thread 0x0000016275a76840 Uncommon trap: trap_request=0xffffff45 fr.pc=0x00000162657e0ab0 relative=0x00000000000001f0
Event: 2.331 Thread 0x0000016275a76840 Uncommon trap: reason=unstable_if action=reinterpret pc=0x00000162657e0ab0 method=java.io.WinNTFileSystem.normalize(Ljava/lang/String;)Ljava/lang/String; @ 40 c2
Event: 2.331 Thread 0x0000016275a76840 DEOPT PACKING pc=0x00000162657e0ab0 sp=0x0000003b25efd4f0
Event: 2.331 Thread 0x0000016275a76840 DEOPT UNPACKING pc=0x000001625dd023a3 sp=0x0000003b25efd468 mode 2

Classes loaded (20 events):
Event: 2.329 Loading class sun/net/www/protocol/jar/JarURLConnection
Event: 2.330 Loading class java/net/JarURLConnection
Event: 2.330 Loading class java/net/JarURLConnection done
Event: 2.330 Loading class sun/net/www/protocol/jar/JarURLConnection done
Event: 2.330 Loading class sun/net/www/protocol/jar/JarFileFactory
Event: 2.330 Loading class sun/net/www/protocol/jar/URLJarFile$URLJarFileCloseController
Event: 2.330 Loading class sun/net/www/protocol/jar/URLJarFile$URLJarFileCloseController done
Event: 2.330 Loading class sun/net/www/protocol/jar/JarFileFactory done
Event: 2.330 Loading class sun/net/www/protocol/jar/URLJarFile
Event: 2.331 Loading class sun/net/www/protocol/jar/URLJarFile done
Event: 2.332 Loading class sun/net/www/protocol/jar/URLJarFile$URLJarFileEntry
Event: 2.332 Loading class sun/net/www/protocol/jar/URLJarFile$URLJarFileEntry done
Event: 2.332 Loading class sun/net/www/protocol/jar/JarURLConnection$JarURLInputStream
Event: 2.332 Loading class sun/net/www/protocol/jar/JarURLConnection$JarURLInputStream done
Event: 2.338 Loading class java/io/FileOutputStream$1
Event: 2.338 Loading class java/io/FileOutputStream$1 done
Event: 2.406 Loading class java/lang/UnsupportedOperationException
Event: 2.406 Loading class java/lang/UnsupportedOperationException done
Event: 2.406 Loading class java/util/NoSuchElementException
Event: 2.406 Loading class java/util/NoSuchElementException done

Classes unloaded (0 events):
No events

Classes redefined (0 events):
No events

Internal exceptions (20 events):
Event: 0.318 Thread 0x000001625a5cda60 Exception <a 'java/lang/NoSuchMethodError'{0x00000000c5037308}: 'void java.lang.invoke.DirectMethodHandle$Holder.invokeStatic(java.lang.Object, java.lang.Object, java.lang.Object, java.lang.Object)'> (0x00000000c5037308) 
thrown [s\src\hotspot\share\interpreter\linkResolver.cpp, line 766]
Event: 0.394 Thread 0x000001625a5cda60 Exception <a 'java/lang/ClassNotFoundException'{0x00000000c4f683a8}: sun/awt/resources/spi/awtProvider> (0x00000000c4f683a8) 
thrown [s\src\hotspot\share\classfile\systemDictionary.cpp, line 255]
Event: 0.428 Thread 0x000001625a5cda60 Exception <a 'java/io/FileNotFoundException'{0x00000000c4fbc2d8}> (0x00000000c4fbc2d8) 
thrown [s\src\hotspot\share\prims\jni.cpp, line 516]
Event: 0.435 Thread 0x000001625a5cda60 Exception <a 'java/io/FileNotFoundException'{0x00000000c4fe9b08}> (0x00000000c4fe9b08) 
thrown [s\src\hotspot\share\prims\jni.cpp, line 516]
Event: 0.482 Thread 0x000001625a5cda60 Exception <a 'java/lang/NoSuchMethodError'{0x00000000c4e34d08}: 'java.lang.Object java.lang.invoke.DirectMethodHandle$Holder.invokeStaticInit(java.lang.Object)'> (0x00000000c4e34d08) 
thrown [s\src\hotspot\share\interpreter\linkResolver.cpp, line 766]
Event: 0.520 Thread 0x000001625a5cda60 Exception <a 'java/lang/NoSuchMethodError'{0x00000000c4ec9388}: 'java.lang.Object java.lang.invoke.DirectMethodHandle$Holder.newInvokeSpecial(java.lang.Object, java.lang.Object, java.lang.Object, java.lang.Object, java.lang.Object)'> (0x00000000c4ec9388) 
thrown [s\src\hotspot\share\interpreter\linkResolver.cpp, line 766]
Event: 0.529 Thread 0x000001625a5cda60 Exception <a 'java/lang/NoSuchMethodError'{0x00000000c4efb8b0}: 'java.lang.Object java.lang.invoke.DirectMethodHandle$Holder.invokeStatic(java.lang.Object, int, java.lang.Object)'> (0x00000000c4efb8b0) 
thrown [s\src\hotspot\share\interpreter\linkResolver.cpp, line 766]
Event: 0.571 Thread 0x000001625a5cda60 Exception <a 'java/lang/ClassNotFoundException'{0x00000000c4dba720}: com/sun/swing/internal/plaf/metal/resources/spi/metalProvider> (0x00000000c4dba720) 
thrown [s\src\hotspot\share\classfile\systemDictionary.cpp, line 255]
Event: 0.572 Thread 0x000001625a5cda60 Exception <a 'java/lang/ClassNotFoundException'{0x00000000c4dbe510}: com/sun/swing/internal/plaf/basic/resources/spi/basicProvider> (0x00000000c4dbe510) 
thrown [s\src\hotspot\share\classfile\systemDictionary.cpp, line 255]
Event: 0.577 Thread 0x000001625a5cda60 Implicit null exception at 0x00000162657ae7e0 to 0x00000162657ae87a
Event: 0.577 Thread 0x000001625a5cda60 Implicit null exception at 0x000001626579520f to 0x0000016265795289
Event: 0.586 Thread 0x0000016275a76840 Exception <a 'java/lang/NoSuchMethodError'{0x00000000c4c4a338}: 'void java.lang.invoke.DirectMethodHandle$Holder.invokeStaticInit(java.lang.Object)'> (0x00000000c4c4a338) 
thrown [s\src\hotspot\share\interpreter\linkResolver.cpp, line 766]
Event: 0.608 Thread 0x0000016275a76840 Exception <a 'java/lang/ClassNotFoundException'{0x00000000c4cb45b0}: com/sun/java/swing/plaf/windows/resources/spi/windowsProvider> (0x00000000c4cb45b0) 
thrown [s\src\hotspot\share\classfile\systemDictionary.cpp, line 255]
Event: 0.659 Thread 0x0000016275a76840 Exception <a 'java/lang/NoSuchMethodError'{0x00000000c4b0d2f8}: 'int java.lang.invoke.Invokers$Holder.invokeExact_MT(java.lang.Object, java.lang.Object)'> (0x00000000c4b0d2f8) 
thrown [s\src\hotspot\share\interpreter\linkResolver.cpp, line 766]
Event: 0.781 Thread 0x0000016275a73350 Exception <a 'java/lang/NoSuchMethodError'{0x00000000c49b0800}: 'java.lang.Object java.lang.invoke.DirectMethodHandle$Holder.newInvokeSpecial(java.lang.Object, java.lang.Object, java.lang.Object, int, int, int, int, int)'> (0x00000000c49b0800) 
thrown [s\src\hotspot\share\interpreter\linkResolver.cpp, line 766]
Event: 0.836 Thread 0x0000016275a76840 Exception <a 'java/lang/NoSuchMethodError'{0x00000000c482a490}: 'void java.lang.invoke.DirectMethodHandle$Holder.invokeStatic(java.lang.Object, java.lang.Object, java.lang.Object)'> (0x00000000c482a490) 
thrown [s\src\hotspot\share\interpreter\linkResolver.cpp, line 766]
Event: 0.837 Thread 0x0000016275a76840 Exception <a 'java/lang/NoSuchMethodError'{0x00000000c4830be0}: 'void java.lang.invoke.DirectMethodHandle$Holder.invokeStatic(java.lang.Object, java.lang.Object)'> (0x00000000c4830be0) 
thrown [s\src\hotspot\share\interpreter\linkResolver.cpp, line 766]
Event: 0.937 Thread 0x0000016275a76370 Exception <a 'java/lang/NoSuchMethodError'{0x00000000c4e52b90}: 'void java.lang.invoke.DirectMethodHandle$Holder.invokeVirtual(java.lang.Object, java.lang.Object)'> (0x00000000c4e52b90) 
thrown [s\src\hotspot\share\interpreter\linkResolver.cpp, line 766]
Event: 2.278 Thread 0x0000016275a76840 Exception <a 'java/lang/NoSuchMethodError'{0x00000000c524c590}: 'java.lang.Object java.lang.invoke.DirectMethodHandle$Holder.invokeStaticInit(java.lang.Object, int, int, int, int)'> (0x00000000c524c590) 
thrown [s\src\hotspot\share\interpreter\linkResolver.cpp, line 766]
Event: 2.325 Thread 0x0000016275a76840 Exception <a 'java/lang/NoSuchMethodError'{0x00000000c526dbc8}: 'java.lang.Object java.lang.invoke.DirectMethodHandle$Holder.invokeStaticInit(java.lang.Object, java.lang.Object, int, int, int, int)'> (0x00000000c526dbc8) 
thrown [s\src\hotspot\share\interpreter\linkResolver.cpp, line 766]

VM Operations (20 events):
Event: 0.775 Executing VM operation: HandshakeAllThreads
Event: 0.775 Executing VM operation: HandshakeAllThreads done
Event: 0.838 Executing VM operation: HandshakeAllThreads
Event: 0.839 Executing VM operation: HandshakeAllThreads done
Event: 0.865 Executing VM operation: HandshakeAllThreads
Event: 0.865 Executing VM operation: HandshakeAllThreads done
Event: 0.878 Executing VM operation: HandshakeAllThreads
Event: 0.878 Executing VM operation: HandshakeAllThreads done
Event: 0.918 Executing VM operation: ICBufferFull
Event: 0.918 Executing VM operation: ICBufferFull done
Event: 0.976 Executing VM operation: G1CollectForAllocation
Event: 0.982 Executing VM operation: G1CollectForAllocation done
Event: 1.249 Executing VM operation: HandshakeAllThreads
Event: 1.249 Executing VM operation: HandshakeAllThreads done
Event: 1.710 Executing VM operation: G1CollectForAllocation
Event: 1.716 Executing VM operation: G1CollectForAllocation done
Event: 2.294 Executing VM operation: HandshakeAllThreads
Event: 2.294 Executing VM operation: HandshakeAllThreads done
Event: 2.331 Executing VM operation: HandshakeAllThreads
Event: 2.331 Executing VM operation: HandshakeAllThreads done

Events (20 events):
Event: 0.373 Loaded shared library C:\Users\user\.p2\pool\plugins\org.eclipse.justj.openjdk.hotspot.jre.full.win32.x86_64_18.0.1.v20220515-1614\jre\bin\jimage.dll
Event: 0.408 Loaded shared library C:\Users\user\.p2\pool\plugins\org.eclipse.justj.openjdk.hotspot.jre.full.win32.x86_64_18.0.1.v20220515-1614\jre\bin\awt.dll
Event: 0.483 Thread 0x0000016275a73820 Thread added: 0x0000016275a73820
Event: 0.484 Thread 0x0000016275a759d0 Thread added: 0x0000016275a759d0
Event: 0.486 Thread 0x0000016275a76370 Thread added: 0x0000016275a76370
Event: 0.580 Thread 0x0000016275a76840 Thread added: 0x0000016275a76840
Event: 0.580 Thread 0x000001625a5cda60 Thread exited: 0x000001625a5cda60
Event: 0.580 Thread 0x0000016275a76d10 Thread added: 0x0000016275a76d10
Event: 0.621 Loaded shared library C:\Users\user\.p2\pool\plugins\org.eclipse.justj.openjdk.hotspot.jre.full.win32.x86_64_18.0.1.v20220515-1614\jre\bin\freetype.dll
Event: 0.623 Loaded shared library C:\Users\user\.p2\pool\plugins\org.eclipse.justj.openjdk.hotspot.jre.full.win32.x86_64_18.0.1.v20220515-1614\jre\bin\fontmanager.dll
Event: 0.687 Thread 0x0000016275a741c0 Thread added: 0x0000016275a741c0
Event: 0.694 Loaded shared library C:\Users\user\AppData\Local\Temp\jSerialComm\2.9.2\jSerialComm.dll
Event: 0.697 Thread 0x0000016275a73350 Thread added: 0x0000016275a73350
Event: 0.713 Thread 0x0000016275a75ea0 Thread added: 0x0000016275a75ea0
Event: 0.713 Thread 0x0000016275a741c0 Thread exited: 0x0000016275a741c0
Event: 0.797 Loaded shared library C:\Users\user\.p2\pool\plugins\org.eclipse.justj.openjdk.hotspot.jre.full.win32.x86_64_18.0.1.v20220515-1614\jre\bin\javajpeg.dll
Event: 0.833 Thread 0x0000016275a741c0 Thread added: 0x0000016275a741c0
Event: 1.399 Thread 0x0000016275acd830 Thread exited: 0x0000016275acd830
Event: 2.387 Loaded shared library C:\Users\user\AppData\Local\Temp\usb4java2708647083688212700.tmp\libusb4java.dll
Event: 2.408 Thread 0x00000162761aebc0 Thread added: 0x00000162761aebc0


Dynamic libraries:
0x00007ff7e7eb0000 - 0x00007ff7e7ebe000 	C:\Users\user\.p2\pool\plugins\org.eclipse.justj.openjdk.hotspot.jre.full.win32.x86_64_18.0.1.v20220515-1614\jre\bin\javaw.exe
0x00007ffd75950000 - 0x00007ffd75b47000 	C:\Windows\SYSTEM32\ntdll.dll
0x00007ffd74df0000 - 0x00007ffd74ead000 	C:\Windows\System32\KERNEL32.DLL
0x00007ffd73690000 - 0x00007ffd7395d000 	C:\Windows\System32\KERNELBASE.dll
0x00007ffd73330000 - 0x00007ffd73430000 	C:\Windows\System32\ucrtbase.dll
0x00007ffd55940000 - 0x00007ffd55957000 	C:\Users\user\.p2\pool\plugins\org.eclipse.justj.openjdk.hotspot.jre.full.win32.x86_64_18.0.1.v20220515-1614\jre\bin\jli.dll
0x00007ffd756e0000 - 0x00007ffd75880000 	C:\Windows\System32\USER32.dll
0x00007ffd73260000 - 0x00007ffd73282000 	C:\Windows\System32\win32u.dll
0x00007ffd743a0000 - 0x00007ffd743ca000 	C:\Windows\System32\GDI32.dll
0x00007ffd73120000 - 0x00007ffd7322b000 	C:\Windows\System32\gdi32full.dll
0x00007ffd73290000 - 0x00007ffd7332d000 	C:\Windows\System32\msvcp_win.dll
0x00007ffd55920000 - 0x00007ffd55939000 	C:\Users\user\.p2\pool\plugins\org.eclipse.justj.openjdk.hotspot.jre.full.win32.x86_64_18.0.1.v20220515-1614\jre\bin\VCRUNTIME140.dll
0x00007ffd57ba0000 - 0x00007ffd57e3a000 	C:\Windows\WinSxS\amd64_microsoft.windows.common-controls_6595b64144ccf1df_6.0.19041.1110_none_60b5254171f9507e\COMCTL32.dll
0x00007ffd740a0000 - 0x00007ffd7413e000 	C:\Windows\System32\msvcrt.dll
0x00007ffd74230000 - 0x00007ffd74260000 	C:\Windows\System32\IMM32.DLL
0x00007ffd6d540000 - 0x00007ffd6d54c000 	C:\Users\user\.p2\pool\plugins\org.eclipse.justj.openjdk.hotspot.jre.full.win32.x86_64_18.0.1.v20220515-1614\jre\bin\vcruntime140_1.dll
0x00007ffd55880000 - 0x00007ffd55911000 	C:\Users\user\.p2\pool\plugins\org.eclipse.justj.openjdk.hotspot.jre.full.win32.x86_64_18.0.1.v20220515-1614\jre\bin\msvcp140.dll
0x00007ffd26220000 - 0x00007ffd26ea9000 	C:\Users\user\.p2\pool\plugins\org.eclipse.justj.openjdk.hotspot.jre.full.win32.x86_64_18.0.1.v20220515-1614\jre\bin\server\jvm.dll
0x00007ffd73ff0000 - 0x00007ffd7409e000 	C:\Windows\System32\ADVAPI32.dll
0x00007ffd74c30000 - 0x00007ffd74ccc000 	C:\Windows\System32\sechost.dll
0x00007ffd74270000 - 0x00007ffd74395000 	C:\Windows\System32\RPCRT4.dll
0x00007ffd74260000 - 0x00007ffd74268000 	C:\Windows\System32\PSAPI.DLL
0x00007ffd6e0a0000 - 0x00007ffd6e0a9000 	C:\Windows\SYSTEM32\WSOCK32.dll
0x00007ffd52130000 - 0x00007ffd52157000 	C:\Windows\SYSTEM32\WINMM.dll
0x00007ffd74840000 - 0x00007ffd748ab000 	C:\Windows\System32\WS2_32.dll
0x00007ffd6e070000 - 0x00007ffd6e07a000 	C:\Windows\SYSTEM32\VERSION.dll
0x00007ffd70f70000 - 0x00007ffd70f82000 	C:\Windows\SYSTEM32\kernel.appcore.dll
0x00007ffd6e090000 - 0x00007ffd6e09a000 	C:\Users\user\.p2\pool\plugins\org.eclipse.justj.openjdk.hotspot.jre.full.win32.x86_64_18.0.1.v20220515-1614\jre\bin\jimage.dll
0x00007ffd61990000 - 0x00007ffd61b74000 	C:\Windows\SYSTEM32\DBGHELP.DLL
0x00007ffd606f0000 - 0x00007ffd6071c000 	C:\Windows\SYSTEM32\dbgcore.DLL
0x00007ffd73590000 - 0x00007ffd73612000 	C:\Windows\System32\bcryptPrimitives.dll
0x00007ffd56d70000 - 0x00007ffd56d95000 	C:\Users\user\.p2\pool\plugins\org.eclipse.justj.openjdk.hotspot.jre.full.win32.x86_64_18.0.1.v20220515-1614\jre\bin\java.dll
0x00007ffd55620000 - 0x00007ffd55638000 	C:\Users\user\.p2\pool\plugins\org.eclipse.justj.openjdk.hotspot.jre.full.win32.x86_64_18.0.1.v20220515-1614\jre\bin\zip.dll
0x00007ffd74f90000 - 0x00007ffd756d4000 	C:\Windows\System32\SHELL32.dll
0x00007ffd71170000 - 0x00007ffd71904000 	C:\Windows\SYSTEM32\windows.storage.dll
0x00007ffd739b0000 - 0x00007ffd73d04000 	C:\Windows\System32\combase.dll
0x00007ffd72ad0000 - 0x00007ffd72afc000 	C:\Windows\SYSTEM32\Wldp.dll
0x00007ffd74b00000 - 0x00007ffd74bad000 	C:\Windows\System32\SHCORE.dll
0x00007ffd73f90000 - 0x00007ffd73fe5000 	C:\Windows\System32\shlwapi.dll
0x00007ffd72fb0000 - 0x00007ffd72fcf000 	C:\Windows\SYSTEM32\profapi.dll
0x00007ffd55600000 - 0x00007ffd55613000 	C:\Users\user\.p2\pool\plugins\org.eclipse.justj.openjdk.hotspot.jre.full.win32.x86_64_18.0.1.v20220515-1614\jre\bin\net.dll
0x00007ffd6bcb0000 - 0x00007ffd6bdba000 	C:\Windows\SYSTEM32\WINHTTP.dll
0x00007ffd72830000 - 0x00007ffd7289a000 	C:\Windows\system32\mswsock.dll
0x00007ffd555e0000 - 0x00007ffd555f6000 	C:\Users\user\.p2\pool\plugins\org.eclipse.justj.openjdk.hotspot.jre.full.win32.x86_64_18.0.1.v20220515-1614\jre\bin\nio.dll
0x00007ffd4d220000 - 0x00007ffd4d3ae000 	C:\Users\user\.p2\pool\plugins\org.eclipse.justj.openjdk.hotspot.jre.full.win32.x86_64_18.0.1.v20220515-1614\jre\bin\awt.dll
0x00007ffd73ec0000 - 0x00007ffd73f8d000 	C:\Windows\System32\OLEAUT32.dll
0x00007ffd708b0000 - 0x00007ffd70940000 	C:\Windows\SYSTEM32\apphelp.dll
0x00007ffd709a0000 - 0x00007ffd70a3e000 	C:\Windows\system32\uxtheme.dll
0x00007ffd74cd0000 - 0x00007ffd74de5000 	C:\Windows\System32\MSCTF.dll
0x00007ffd749d0000 - 0x00007ffd74afa000 	C:\Windows\System32\ole32.dll
0x00007ffd70c80000 - 0x00007ffd70caf000 	C:\Windows\system32\DWMAPI.DLL
0x00007ffd550d0000 - 0x00007ffd55159000 	C:\Users\user\.p2\pool\plugins\org.eclipse.justj.openjdk.hotspot.jre.full.win32.x86_64_18.0.1.v20220515-1614\jre\bin\freetype.dll
0x00007ffd54fc0000 - 0x00007ffd55068000 	C:\Users\user\.p2\pool\plugins\org.eclipse.justj.openjdk.hotspot.jre.full.win32.x86_64_18.0.1.v20220515-1614\jre\bin\fontmanager.dll
0x00007ffd55840000 - 0x00007ffd55874000 	C:\Users\user\AppData\Local\Temp\jSerialComm\2.9.2\jSerialComm.dll
0x00007ffd743d0000 - 0x00007ffd7483f000 	C:\Windows\System32\SETUPAPI.dll
0x00007ffd73960000 - 0x00007ffd739ae000 	C:\Windows\System32\cfgmgr32.dll
0x00007ffd73230000 - 0x00007ffd73257000 	C:\Windows\System32\bcrypt.dll
0x00007ffd72e20000 - 0x00007ffd72e4c000 	C:\Windows\SYSTEM32\DEVOBJ.dll
0x00007ffd73620000 - 0x00007ffd73687000 	C:\Windows\System32\WINTRUST.dll
0x00007ffd73430000 - 0x00007ffd73586000 	C:\Windows\System32\CRYPT32.dll
0x00007ffd72c60000 - 0x00007ffd72c72000 	C:\Windows\SYSTEM32\MSASN1.dll
0x00007ffd55410000 - 0x00007ffd5543d000 	C:\Users\user\.p2\pool\plugins\org.eclipse.justj.openjdk.hotspot.jre.full.win32.x86_64_18.0.1.v20220515-1614\jre\bin\javajpeg.dll
0x00007ffd52f30000 - 0x00007ffd53056000 	C:\Windows\system32\opengl32.dll
0x00007ffd53700000 - 0x00007ffd5372c000 	C:\Windows\SYSTEM32\GLU32.dll
0x00007ffd6c190000 - 0x00007ffd6c289000 	C:\Windows\SYSTEM32\textinputframework.dll
0x00007ffd70320000 - 0x00007ffd7067e000 	C:\Windows\System32\CoreUIComponents.dll
0x00007ffd70680000 - 0x00007ffd70772000 	C:\Windows\System32\CoreMessaging.dll
0x00007ffd71d70000 - 0x00007ffd71da3000 	C:\Windows\SYSTEM32\ntmarta.dll
0x00007ffd6fc50000 - 0x00007ffd6fda4000 	C:\Windows\SYSTEM32\wintypes.dll
0x00007ffd56cd0000 - 0x00007ffd56d36000 	C:\Windows\system32\Oleacc.dll
0x00007ffd72a20000 - 0x00007ffd72a38000 	C:\Windows\SYSTEM32\CRYPTSP.dll
0x00007ffd72140000 - 0x00007ffd72174000 	C:\Windows\system32\rsaenh.dll
0x00007ffd72f70000 - 0x00007ffd72f9e000 	C:\Windows\SYSTEM32\USERENV.dll
0x00007ffd72a40000 - 0x00007ffd72a4c000 	C:\Windows\SYSTEM32\CRYPTBASE.dll
0x00007ffd724d0000 - 0x00007ffd7250b000 	C:\Windows\SYSTEM32\IPHLPAPI.DLL
0x00007ffd74170000 - 0x00007ffd74178000 	C:\Windows\System32\NSI.dll
0x00007ffd6ce10000 - 0x00007ffd6ce27000 	C:\Windows\SYSTEM32\dhcpcsvc6.DLL
0x00007ffd6d450000 - 0x00007ffd6d46d000 	C:\Windows\SYSTEM32\dhcpcsvc.DLL
0x00007ffd72520000 - 0x00007ffd725eb000 	C:\Windows\SYSTEM32\DNSAPI.dll
0x00007ffd50490000 - 0x00007ffd504f3000 	C:\Users\user\AppData\Local\Temp\usb4java2708647083688212700.tmp\libusb4java.dll
0x00007ffd6fb70000 - 0x00007ffd6fb7c000 	C:\Windows\SYSTEM32\WinUSB.DLL
0x00007ffd71910000 - 0x00007ffd7191d000 	C:\Windows\SYSTEM32\hid.DLL

dbghelp: loaded successfully - version: 4.0.5 - missing functions: none
symbol engine: initialized successfully - sym options: 0x614 - pdb path: .;C:\Users\user\.p2\pool\plugins\org.eclipse.justj.openjdk.hotspot.jre.full.win32.x86_64_18.0.1.v20220515-1614\jre\bin;C:\Windows\SYSTEM32;C:\Windows\WinSxS\amd64_microsoft.windows.common-controls_6595b64144ccf1df_6.0.19041.1110_none_60b5254171f9507e;C:\Users\user\.p2\pool\plugins\org.eclipse.justj.openjdk.hotspot.jre.full.win32.x86_64_18.0.1.v20220515-1614\jre\bin\server;C:\Users\user\AppData\Local\Temp\jSerialComm\2.9.2;C:\Users\user\AppData\Local\Temp\usb4java2708647083688212700.tmp

VM Arguments:
jvm_args: -Dfile.encoding=ISO-8859-1 --module-path=C:\Users\user\git\bonarosaeAdmin\Bonaros AE Admin\LGoodDatePicker-11.2.1.jar;C:\Users\user\git\bonarosaeAdmin\Bonaros AE Admin\jcalendar-1.4.jar;C:\Users\user\git\bonarosaeProgramm\Bonaros AE\mysql-connector-java-8.0.11.jar;C:\Users\user\git\bonarosaeProgramm\Bonaros AE\virtual-keyboard-1.30.3.jar;C:\Users\user\git\bonarosaeProgramm\Bonaros AE\usb4java-1.3.0\lib\commons-lang3-3.8.1.jar -XX:+ShowCodeDetailsInExceptionMessages 
java_command: GUI
java_class_path (initial): C:\Users\user\git\bonarosaeProgramm\Bonaros AE\bin;C:\Users\user\git\bonarosaeProgramm\Bonaros AE\jSerialComm-2.9.2.jar;C:\Users\user\git\bonarosaeProgramm\Bonaros AE\usb4java-1.3.0\lib\libusb4java-1.3.0-darwin-x86-64.jar;C:\Users\user\git\bonarosaeProgramm\Bonaros AE\usb4java-1.3.0\lib\libusb4java-1.3.0-win32-x86.jar;C:\Users\user\git\bonarosaeProgramm\Bonaros AE\usb4java-1.3.0\lib\libusb4java-1.3.0-win32-x86-64.jar;C:\Users\user\git\bonarosaeProgramm\Bonaros AE\usb4java-1.3.0\lib\usb4java-1.3.0.jar
Launcher Type: SUN_STANDARD

[Global flags]
     intx CICompilerCount                          = 3                                         {product} {ergonomic}
     uint ConcGCThreads                            = 1                                         {product} {ergonomic}
     uint G1ConcRefinementThreads                  = 4                                         {product} {ergonomic}
   size_t G1HeapRegionSize                         = 1048576                                   {product} {ergonomic}
    uintx GCDrainStackTargetSize                   = 64                                        {product} {ergonomic}
   size_t InitialHeapSize                          = 67108864                                  {product} {ergonomic}
   size_t MarkStackSize                            = 4194304                                   {product} {ergonomic}
   size_t MaxHeapSize                              = 1052770304                                {product} {ergonomic}
   size_t MaxNewSize                               = 631242752                                 {product} {ergonomic}
   size_t MinHeapDeltaBytes                        = 1048576                                   {product} {ergonomic}
   size_t MinHeapSize                              = 8388608                                   {product} {ergonomic}
    uintx NonNMethodCodeHeapSize                   = 5832780                                {pd product} {ergonomic}
    uintx NonProfiledCodeHeapSize                  = 122912730                              {pd product} {ergonomic}
    uintx ProfiledCodeHeapSize                     = 122912730                              {pd product} {ergonomic}
    uintx ReservedCodeCacheSize                    = 251658240                              {pd product} {ergonomic}
     bool SegmentedCodeCache                       = true                                      {product} {ergonomic}
     bool ShowCodeDetailsInExceptionMessages       = true                                   {manageable} {command line}
   size_t SoftMaxHeapSize                          = 1052770304                             {manageable} {ergonomic}
     bool UseCompressedClassPointers               = true                           {product lp64_product} {ergonomic}
     bool UseCompressedOops                        = true                           {product lp64_product} {ergonomic}
     bool UseG1GC                                  = true                                      {product} {ergonomic}
     bool UseLargePagesIndividualAllocation        = false                                  {pd product} {ergonomic}

Logging:
Log output configuration:
 #0: stdout all=warning uptime,level,tags foldmultilines=false
 #1: stderr all=off uptime,level,tags foldmultilines=false

Environment Variables:
PATH=C:/Users/user/.p2/pool/plugins/org.eclipse.justj.openjdk.hotspot.jre.full.win32.x86_64_18.0.1.v20220515-1614/jre/bin/server;C:/Users/user/.p2/pool/plugins/org.eclipse.justj.openjdk.hotspot.jre.full.win32.x86_64_18.0.1.v20220515-1614/jre/bin;C:\Program Files (x86)\Common Files\Oracle\Java\javapath;C:\Windows\system32;C:\Windows;C:\Windows\System32\Wbem;C:\Windows\System32\WindowsPowerShell\v1.0\;C:\Windows\System32\OpenSSH\;C:\Program Files\MySQL\MySQL Shell 8.0\bin\;C:\Users\user\AppData\Local\Microsoft\WindowsApps;;C:\Users\user\eclipse\java-2022-03\eclipse;
USERNAME=user
OS=Windows_NT
PROCESSOR_IDENTIFIER=Intel64 Family 6 Model 78 Stepping 3, GenuineIntel



---------------  S Y S T E M  ---------------

OS:
 Windows 10 , 64 bit Build 19041 (10.0.19041.1741)
OS uptime: 0 days 1:37 hours

CPU: total 4 (initial active 4) (2 cores per cpu, 2 threads per core) family 6 model 78 stepping 3 microcode 0xcc, cx8, cmov, fxsr, ht, mmx, 3dnowpref, sse, sse2, sse3, ssse3, sse4.1, sse4.2, popcnt, lzcnt, tsc, tscinvbit, avx, avx2, aes, erms, clmul, bmi1, bmi2, adx, fma, vzeroupper, clflush, clflushopt

Memory: 4k page, system-wide physical 4012M (1249M free)
TotalPageFile size 5036M (AvailPageFile size 1387M)
current process WorkingSet (physical memory assigned to process): 96M, peak: 96M
current process commit charge ("private bytes"): 159M, peak: 159M

vm_info: OpenJDK 64-Bit Server VM (18.0.1+10) for windows-amd64 JRE (18.0.1+10), built on Apr 20 2022 05:04:48 by "" with MS VC++ 16.7 (VS2019)

END.
